District,ConstituencyTitle,WinningParty,Votes,TotalValidVotes,TotalRejectedVotes,TotalVotes,TotalRegisteredVoters,Turnout,Year
bahawalnagar,NA-191,independent,88,206143,5861,211774,326972,84.77,2013
peshawar,NA-2,independent,448,141790,2408,142031,336122,43.45,2013
sheikhupuraiicumnankana sahib old  sheikhupura,NA-132,pakistan muslim league (n),93140,160238,5378,165569,291232,56.85,2013
rahimyar khan,NA-195,independent,259,102918,1390,144889,335006,43.24,2008
tribal,NA-45,independent,29,0,0,0,0,35.01,2018
battagram,NA-22,mutahida deeni mahaz,344,71236,3400,73339,204979,35.78,2013
narowal,NA-78,independent,1670,0,0,0,0,55.06,2018
matiari,NA-223,pakistan peoples party (shaheed bhutto),1005,0,0,0,0,54.06,2018
bhakkar,NA-74,pakistan peoples party parlimentarian,13489,246463,12216,255739,375159,68.16,2013
tribal,NA-50,independent,1448,0,0,0,0,33.0,2018
kasur,NA-140,pakistan tehreek-e-insaf,124621,281981,7453,289434,477211,60.65,2018
gujranwala,NA-99,pakistan muslim league (n),97143,179614,6044,178899,318029,56.25,2013
islamabad,NA-54,pakhtoonkhwa milli awami party,51,0,0,0,0,54.24,2018
chiniotii cumjhang old na jhang,NA-87,independent,575,206990,8488,215478,367617,58.61,2013
toba tek singh,NA-93,independent,262,157400,3378,160778,309393,51.97,2002
karachi,NA-245,muttahida qaumi movement,51696,102481,1106,103587,255754,40.5,2002
mansehra,NA-21,independent,251,0,0,0,424342,0.0,2008
tribal,NA-42,independent,273,0,0,0,0,0.0,2018
mirpurkhas,NA-226,mohajar qaumi movement pakistan,565,115311,2519,117830,261129,45.1,2002
sialkot,NA-113,jamiat ulama-e-pakistan (noorani),796,196602,5205,200989,353741,56.5,2013
tribal area,NA-42,independent,3066,12649,208,12507,108056,11.57,2013
kamber shahdadkot old larkana,NA-206,independent,493,115482,6649,122130,258115,47.31,2013
tribal,NA-49,independent,35,0,0,0,0,20.71,2018
nawabshah,NA-213,independent,115,129270,3183,132453,330639,40.06,2002
tribal area,NA-46,independent,146,22248,195,22443,94208,23.8,2008
sheikhupuracumnankana sahibi old sheikhupura,NA-132,independent,641,108107,5112,113219,229477,49.34,2008
gujrat,NA-104,pakistan muslim league,81231,200095,6453,206191,374975,54.99,2013
karachi,NA-246,muttahida qaumi movement,186933,194278,1281,195554,310045,63.07,2008
jhelum,NA-67,allah-o-akbar tehreek,1582,0,0,0,0,51.87,2018
hangu,NA-16,awami national party,22180,58476,1212,59688,187636,31.8,2008
karachi,NA-240,independent,65,130737,142,130896,279723,46.79,2008
lahore,NA-126,independent,28,119684,1156,119748,360304,33.2,2008
okara,NA-143,tehreek-e-labbaik pakistan,5162,0,0,0,0,58.22,2018
faisalabad,NA-84,independent,189,180364,4509,184873,308900,59.84,2013
malakand p area,NA-35,pakistan peoples party parlimentarian,19081,138984,4362,142962,311172,45.95,2013
okara,NA-144,pakistan tehreek-e-insaf,18648,169090,4164,171245,293394,58.0,2013
vehari,NA-167,independent,761,152880,1367,154247,363091,42.48,2008
tribal area,NA-37,independent,9,93968,518,94484,162660,58.09,2013
shaheed,NA-214,pakistan peoples party parlimentarian,110902,187993,11097,199090,356838,55.79,2018
malakand p area,NA-35,pakistan peoples party parlimentarian,19081,138984,4362,142962,311172,45.95,2013
kohistan,NA-11,pakistan muslim league (n),33,0,0,0,0,40.89,2018
rahimyar,NA-176,independent,1146,0,0,0,0,54.84,2018
faisalabad,NA-109,independent,122,0,0,0,0,58.05,2018
rawalpindi,NA-55,independent,35,118484,1013,0,333928,0.0,2008
khairpur,NA-217,pakistan muslim league (n),574,107330,3410,110740,290832,38.1,2002
lahore,NA-120,pakistan tehreek-e-insaf,52354,151403,2031,153328,295826,51.85,2013
kohistan,NA-23,independent,14100,53086,3386,56472,317734,16.7,2008
jamshoro old dadu,NA-231,independent,70,181157,5114,186259,492758,37.79,2008
islamabad,NA-48,muttahidda majlis-e-amal,40365,87601,626,88227,187426,47.07,2002
chakwal,NA-60,pakistan tehreek-e-insaf,48076,294995,9559,306258,486070,63.0,2013
gujrat,NA-105,pakistan muslim league (q),66809,135208,3380,138588,292310,47.41,2002
tribal area,NA-41,independent,2159,26188,844,27032,86598,31.22,2002
faisalabad,NA-76,independent,12,185170,6346,191686,329266,58.21,2013
islamabad,NA-48,independent,24,173189,1042,173968,292142,59.55,2013
lahore,NA-125,independent,122,110246,1471,111707,311540,35.86,2008
tando muhammad khancumhyderabadcumbadin old h,NA-222,pakistan muslim league,26391,113490,2200,116451,318867,36.52,2008
multan,NA-148,independent,84,200651,4310,205254,350801,58.51,2013
sargodha,NA-90,pakistan peoples party parlimentarian,21352,0,0,0,0,52.97,2018
lahore,NA-132,barabri party pakistan,447,0,0,0,0,60.45,2018
rahimyar,NA-175,independent,774,0,0,0,0,56.49,2018
karachi,NA-252,sunni tehreek,2612,73068,951,74019,222482,33.3,2002
sibi cum kolhu cum dera bugti,NA-265,independent,3978,141608,2502,144110,308704,46.7,2002
jhangii old na jhang,NA-90,independent,169,152655,7256,159911,238856,66.67,2013
karachi,NA-247,independent,352,0,0,0,0,40.27,2018
khushab,NA-93,pakistan tehreek-e-insaf,100448,240123,7963,248086,428736,57.86,2018
sialkot,NA-72,independent,4817,0,0,0,0,58.11,2018
kharan cum panjgur,NA-271,balochistan national democratic party,1435,64334,3678,68012,198911,34.19,2002
rawalpindi,NA-54,independent,64,165049,1801,166523,300816,55.36,2013
hyderabadcummatiari old hyderabad,NA-221,pakistan peoples party parlimentarian,102737,119559,1492,121051,326095,37.12,2008
rawalpindi,NA-54,majlis wahdat-e-muslimeen pakistan,385,165049,1801,166523,300816,55.36,2013
lahore,NA-123,amun taraqqi party,70,0,0,0,0,51.13,2018
sahiwal,NA-162,pakistan muslim league (n),75579,165517,4182,169699,294702,57.58,2008
karachi,NA-244,muttahida qaumi movement,54101,95221,27,95248,236700,40.2,2002
ghotki,NA-201,independent,176,104775,4284,109059,285481,38.2,2002
kasur,NA-142,pakistan muslim league (q),58420,108928,2778,111706,234431,47.65,2002
mardan,NA-9,pakistan peoples party parlimentarian,7002,148390,3558,151637,336177,45.12,2013
battagram,NA-22,independent,1012,71236,3400,73339,204979,35.78,2013
sialkot,NA-111,pakistan muslim league (q),52378,137913,6454,144367,321453,44.91,2002
sanghar,NA-216,pakistan peoples party parlimentarian,80752,158621,9581,168202,291935,57.62,2018
rahimyar khan,NA-193,pakistan muslim league (q),41671,113979,3605,117584,280047,41.99,2002
mianwal,NA-71,pakistan peoples party parlimentarian,924,216394,7988,222919,386930,57.61,2013
tribal area,NA-45,pakistan tehreek-e-insaf,9198,69541,1007,69868,175036,39.92,2013
tribal,NA-42,independent,2137,0,0,0,0,0.0,2018
multan,NA-156,pakistan tehreek-e-insaf,116272,218738,3039,221777,444724,49.87,2018
karachi,NA-256,sunni tehreek,3409,90810,873,91683,261912,35.0,2002
faisalabad,NA-109,pakistan tehreek-e-insaf,122905,239769,4472,244241,420767,58.05,2018
kasur,NA-140,independent,6143,133167,2350,130004,230446,56.41,2008
okara,NA-143,independent,2122,171535,6995,171239,272742,62.78,2013
tribal area,NA-39,pakistan tehreek-e-insaf,3805,47602,231,47833,125687,38.05,2013
charsadda,NA-8,pakistan mazdoor kissan party,962,62739,1673,64412,217430,29.62,2002
faisalabad,NA-78,independent,950,177008,12488,188935,301973,62.57,2013
tribal,NA-44,independent,114,0,0,0,0,25.32,2018
gujrat,NA-71,pakistan peoples party parlimentarian,1738,0,0,0,0,50.87,2018
tribal area,NA-38,independent,17,16046,304,16350,95484,17.12,2002
karachi,NA-251,independent,20,77719,119,77838,210491,37.0,2002
tribal,NA-47,independent,118,0,0,0,0,32.87,2018
karachi,NA-240,muttahida qaumi movement,67799,130737,142,130896,279723,46.79,2008
tribal area,NA-41,independent,52,30640,600,31240,94077,33.2,2008
islamabad,NA-48,independent,45,173189,1042,173968,292142,59.55,2013
gujranwala,NA-84,pakistan muslim league (n),119612,243240,7942,251182,437879,57.36,2018
tribal area,NA-46,independent,4135,16896,142,0,0,0.0,2013
tribal area,NA-42,independent,5027,30472,694,31166,122373,25.47,2002
mardan,NA-11,independent,267,132539,3970,136212,329285,42.0,2013
rawalpindi,NA-50,pakistan peoples party parlimentarian,77978,206356,4582,207845,403566,51.5,2008
muzaffargarh,NA-178,pakistan muslim league (q),60386,123451,3856,127307,273899,46.48,2002
okara,NA-143,independent,317,117484,3422,120906,243777,49.6,2002
tribal area,NA-47,independent,24,48139,457,48217,121265,39.76,2013
tribal,NA-50,independent,78,0,0,0,0,33.0,2018
quettacumchagaicumnushki old quettacumchaga,NA-260,muttahidda majlis-e-amal,19450,100597,4175,103513,398782,25.95,2008
faisalabad,NA-85,awami workers party,1090,197858,2496,200354,331974,60.35,2013
vehari,NA-165,pakistan tehreek-e-insaf,99287,213822,4170,217992,386581,56.39,2018
lodhran,NA-155,muttahida qaumi movement,662,219036,8376,227360,356995,63.69,2013
upper,NA-5,muttahida majlis-e-amal pakistan,57657,0,0,0,0,48.26,2018
khairpur,NA-208,pakistan peoples party parlimentarian,107847,172473,8747,181220,356243,50.87,2018
tribal,NA-48,jamiat ulama-e-islam pakistan (s),2436,0,0,0,0,23.32,2018
bahawalpur,NA-187,independent,88,184456,6076,190232,282844,67.26,2013
swat,NA-30,tehreek-e-pasmanada awam pakistan,1592,158098,7228,165325,460748,35.88,2013
sibi cum kolhu cum dera bugti,NA-265,pakistan tehreek-e-insaf,505,141608,2502,144110,308704,46.7,2002
faisalabad,NA-84,jamaat-e-islami pakistan,2252,180364,4509,184873,308900,59.84,2013
sialkot,NA-112,pakistan muslim league (n),41251,153701,5400,159101,324531,49.02,2002
lahore,NA-127,pakistan awami tehreek,24949,78316,1552,79868,237065,33.69,2002
hyderabadii old hyderabad,NA-220,muttahida qaumi movement,147040,174781,1866,177070,364798,48.53,2008
tribal,NA-46,independent,38,0,0,0,0,43.17,2018
matiari,NA-223,independent,2000,0,0,0,0,54.06,2018
jhangi old na jhang,NA-89,mutahida deeni mahaz,71598,168977,4441,171418,290555,59.0,2013
swab,NA-12,independent,852,152455,4094,155163,351675,44.12,2013
kasur,NA-138,pakistan tehreek-e-insaf nazriati,475,0,0,0,0,62.38,2018
sheikhupura,NA-134,independent,41103,146443,5605,151990,250183,60.75,2013
rahimyar khan,NA-193,independent,425,113979,3605,117584,280047,41.99,2002
peshawar,NA-4,pakistan muslim league (n),20412,138555,3707,142160,352416,40.34,2013
swab,NA-12,awami jamhuri ittehad pakistan,56680,152455,4094,155163,351675,44.12,2013
karachi,NA-254,pakistan tehreek-e-insaf,75702,196063,2834,198897,507438,39.2,2018
tribal,NA-47,pakistan peoples party parlimentarian,1981,0,0,0,0,32.87,2018
sawat,NA-30,pakistan pakhtoonkhawa milli awami party,2134,99169,3134,102303,315636,32.41,2002
jamshoro old dadu,NA-231,independent,862,181157,5114,186259,492758,37.79,2008
gujrat,NA-107,independent,1014,207167,4385,211081,400622,53.0,2013
islamabad,NA-54,independent,47,0,0,0,0,54.24,2018
rawalpindi,NA-61,allah-o-akbar tehreek,913,0,0,0,0,51.38,2018
tribal area,NA-41,independent,33,37461,706,0,92719,0.0,2013
tribal area,NA-37,independent,32,41321,711,42032,138559,30.34,2002
faisalabad,NA-79,pakistan muslim league (q),61150,142335,2447,144782,310492,46.63,2002
peshawar,NA-2,independent,156,141790,2408,142031,336122,43.45,2013
attock,NA-59,pakistan muslim league (n),23640,156228,4150,160104,263849,60.68,2008
mirpur khascumumerkot,NA-226,independent,9022,185828,7256,192042,329640,58.26,2013
sukkur,NA-207,independent,66,0,0,0,0,46.47,2018
lahore,NA-130,pakistan peoples party parlimentarian,46095,84078,2108,86186,232372,37.09,2002
nowshera,NA-6,muttahidda majlis-e-amal,33242,65993,2467,68460,194949,35.12,2002
tribal area,NA-43,pakistan tehreek-e-insaf,6948,42901,1378,44051,168514,26.14,2013
sheikhupura,NA-122,pakistan muslim league (n),96000,263515,7574,271089,468778,57.83,2018
lahore,NA-122,independent,104,116359,1653,118060,331381,35.62,2008
tribal area,NA-36,independent,4635,53017,66,53083,179304,29.92,2013
nowshera,NA-26,independent,562,0,0,0,0,49.87,2018
dera ismail khan,NA-24,independent,91,220433,10510,219518,390996,56.14,2013
tribal area,NA-46,independent,138,16896,142,0,0,0.0,2013
nowshera,NA-25,pakistan tehreek-e-insaf,82118,179039,5858,184897,378941,48.79,2018
lakki marwat,NA-27,pakistan muslim league,61303,123547,3874,126515,266658,47.44,2008
karachi,NA-241,mohajar qaumi movement pakistan,649,73634,924,74558,201562,37.0,2002
karachi,NA-245,muttahida qaumi movement,51696,102481,1106,103587,255754,40.5,2002
mirpurkhascumumerkot,NA-227,independent,97,169915,10549,179102,299736,59.75,2013
lahore,NA-121,pakistan muslim league,7559,108453,1861,109989,303962,36.18,2008
kasur,NA-140,independent,73,133167,2350,130004,230446,56.41,2008
layyah,NA-181,pakistan muslim league (n),56490,153254,5653,158907,275563,57.67,2002
bahawalnagar,NA-167,independent,22041,0,0,0,0,56.81,2018
tribal area,NA-47,independent,676,34627,414,35041,120963,28.97,2002
lahore,NA-118,independent,55,166084,3171,169137,334256,50.6,2013
chakwal,NA-61,independent,37978,148918,3494,226985,395039,38.42,2008
peshawar,NA-4,independent,1852,138555,3707,142160,352416,40.34,2013
toba tek singh,NA-92,pakistan muslim league,69827,169210,4126,172541,286827,60.15,2008
khushab,NA-94,pakistan tehreek-e-insaf,93864,229094,8757,237851,399794,59.49,2018
tribal area,NA-44,independent,170,58959,1502,60000,185040,32.43,2013
muzaffargarh,NA-176,pakistan muslim league (n),88322,205915,9337,210934,338237,62.0,2013
mansehra,NA-14,independent,362,0,0,0,0,41.49,2018
chitral,NA-32,jamiat ulama-e-islam (f),15928,124946,6574,131520,208810,63.66,2013
lahore,NA-128,independent,64,220114,3174,220976,418384,64.0,2013
faisalabad,NA-82,awami justice party pakistan,117,200368,2805,203173,343634,59.12,2013
jhelum,NA-67,tehreek-e-labbaik pakistan,16286,0,0,0,0,51.87,2018
rawalpindi,NA-58,pakistan peoples party parlimentarian,125090,328150,10582,338732,629386,53.82,2018
haripur,NA-19,pakistan muslim league (j),5956,199787,6277,206064,453508,45.44,2002
swabi,NA-13,awami national party,26603,102720,2685,105380,287549,36.65,2008
rawalpindi,NA-56,muttahida qaumi movement,180,107633,1848,109481,312220,35.06,2008
sheikhupura,NA-119,pakistan tehreek-e-insaf,110231,229687,4931,234618,418637,56.04,2018
jacobabad old jacobabad,NA-208,independent,85,111131,6489,111173,257664,43.14,2013
jafarabad,NA-261,pakistan tehreek-e-insaf,45222,110593,10255,120848,310782,38.89,2018
faisalabad,NA-84,independent,44,112068,1805,113223,249391,45.4,2008
lahore,NA-134,pakistan peoples party parlimentarian,5425,0,0,0,0,53.4,2018
gujrat,NA-105,independent,51,199918,4492,203864,394060,51.73,2013
korangi,NA-241,pakistan rah-e-haq party,2284,0,0,0,0,36.28,2018
tharparkar,NA-229,independent,1382,122560,3054,125614,250983,50.0,2002
bahawalnagar,NA-191,pakistan peoples party parlimentarian,45478,152350,3011,155361,303421,51.2,2002
tribal area,NA-38,independent,3427,16046,304,16350,95484,17.12,2002
tribal,NA-45,independent,204,0,0,0,0,35.01,2018
karak,NA-34,pakistan tehreek-e-insaf,77181,194588,6387,200975,404458,49.69,2018
quetta,NA-265,independent,52,0,0,0,0,36.79,2018
mirpurkhas,NA-226,muttahidda majlis-e-amal,5610,115311,2519,117830,261129,45.1,2002
rawalpindi,NA-54,independent,23,104501,1214,104499,271396,38.5,2008
khanewal,NA-158,pakistan muslim league (n),94050,201234,4728,205058,323568,61.77,2013
hyderabad,NA-221,qaumi jamhoori party,617,68266,1466,69732,223681,31.2,2002
lahore,NA-126,pakistan muslim league (n),69718,119684,1156,119748,360304,33.2,2008
shikarpur,NA-199,grand democratic alliance,62785,137036,8011,145047,291567,49.75,2018
tribal,NA-50,independent,17,0,0,0,0,33.0,2018
mardan,NA-10,jamaat-e-islami pakistan,19107,157463,4834,161347,321660,51.0,2013
tribal area,NA-37,jamiat ulama-e-islam (f),47,93968,518,94484,162660,58.09,2013
lahore,NA-120,pakistan muslim league (n),33741,71987,819,72806,232800,31.27,2002
karak,NA-15,independent,75,95644,1780,97424,251508,38.74,2002
attock,NA-56,tehreek-e-labbaik pakistan,62257,0,0,0,0,52.5,2018
muzaffargarh,NA-178,pakistan peoples party parlimentarian,53817,120939,1222,122161,283523,43.08,2008
kasur,NA-139,independent,4540,182988,5734,188869,301506,62.0,2013
chakwal,NA-65,independent,507,0,0,0,0,57.35,2018
dera,NA-189,independent,3077,0,0,0,0,52.35,2018
faisalabad,NA-77,pakistan muslim league (n),26542,126552,4171,130723,277749,47.07,2002
rawalpindi,NA-53,mutahida deeni mahaz,657,237097,0,236524,382115,61.9,2013
karachi,NA-252,pakistan tehreek-e-insaf,3352,73068,951,74019,222482,33.3,2002
khanewal,NA-153,independent,586,0,0,0,0,61.29,2018
sanghar,NA-234,pakistan muslim league (n),203,116811,3330,120130,230943,52.01,2008
mardan,NA-9,jamaat-e-islami pakistan,4578,148390,3558,151637,336177,45.12,2013
lahore,NA-129,independent,272,0,0,0,0,53.96,2018
thatta,NA-238,muttahidda majlis-e-amal,4699,116369,2770,119139,286897,41.5,2002
lasbela,NA-272,independent,68804,189425,10433,199918,356879,56.02,2018
gujranwala,NA-96,pakistan muslim league (n),61972,100373,2178,102551,345090,29.7,2008
lahore,NA-126,all pakistan muslim league,384,0,0,0,0,52.26,2018
multan,NA-159,independent,1639,0,0,0,0,56.48,2018
tribal area,NA-36,independent,1023,22873,390,23263,126007,18.15,2008
dadu,NA-234,pakistan peoples party parlimentarian,96038,181763,6571,188334,373589,50.41,2018
karak,NA-15,tehrik-e-masawaat,99,159615,4284,162657,314969,51.64,2013
mianwal,NA-72,independent,242,230577,8483,237444,371374,63.69,2013
lahore,NA-125,pakistan muslim league (q),22405,75593,1120,76713,255313,30.05,2002
bahawalpur,NA-185,pakistan muslim league (z),208,100602,2683,103285,274790,37.59,2002
battagram,NA-22,independent,9120,71236,3400,73339,204979,35.78,2013
naushehro feroz,NA-212,pakistan peoples party parlimentarian,93884,189836,7529,196146,312206,62.82,2013
sibicumkohlucumdera bugticumhernaiold sibi,NA-265,independent,310,99592,1720,101312,281867,35.94,2008
karachi,NA-242,muttahida qaumi movement,6393,0,0,0,0,38.56,2018
multan,NA-150,pakistan muslim league (n),57774,126863,1399,126861,399931,31.72,2008
tharparkar,NA-222,pakistan peoples party parlimentarian,106630,222577,12763,235340,331872,70.91,2018
faisalabad,NA-79,independent,684,192563,7322,190941,335868,56.85,2013
gujrat,NA-70,independent,422,0,0,0,0,49.74,2018
abbottabad,NA-15,pakistan muslim league (n),95340,234157,7712,241869,478336,50.56,2018
sargodha,NA-68,pakistan muslim league (n),88967,150109,3585,153694,383743,40.05,2008
tribal area,NA-43,independent,6885,26625,748,27373,114139,23.98,2002
faisalabad,NA-75,independent,58,198540,3841,198044,321768,61.54,2013
buner,NA-28,all pakistan muslim league,610,123029,5188,126255,360019,35.07,2013
lahore,NA-133,independent,36,0,0,0,0,51.89,2018
tribal area,NA-40,independent,378,34638,591,35254,126453,27.87,2008
dadu,NA-231,independent,39320,120746,2422,123168,340793,36.1,2002
mardan,NA-10,pakistan peoples party parlimentarian,15345,157463,4834,161347,321660,51.0,2013
lahore,NA-130,pakistan tehreek-e-insaf,1346,84078,2108,86186,232372,37.09,2002
kohat,NA-32,pakistan tehreek-e-insaf,82248,190658,6685,197343,506699,38.95,2018
attock,NA-58,pakistan muslim league (n),41373,151777,5230,157007,274639,57.17,2002
jhang,NA-116,independent,54176,0,0,0,0,62.15,2018
rahimyar,NA-178,pakistan peoples party parlimentarian,93044,197373,6934,204307,363566,56.2,2018
abbottabad,NA-18,muttahida qaumi movement,154,150979,3843,154603,347770,44.26,2008
gujranwala,NA-96,independent,89,154948,2997,154760,303568,52.0,2013
mardan,NA-9,awami national party,30770,57054,1063,80816,262042,30.8,2008
lahore,NA-123,independent,2,0,0,0,288994,0.0,2008
sialkot,NA-75,pakistan muslim league (n),101617,245754,7269,253023,453104,55.84,2018
swat,NA-4,independent,532,0,0,0,0,39.22,2018
hyderabad,NA-221,pakistan tehreek-e-insaf,285,68266,1466,69732,223681,31.2,2002
peshawar,NA-27,independent,1131,0,0,0,0,45.83,2018
tribal area,NA-40,independent,35,28600,289,28889,96448,29.95,2002
sanghar,NA-234,pakistan muslim league (f),71394,116811,3330,120130,230943,52.01,2008
sanghar,NA-235,pakistan muslim league (f),61671,103472,2341,105813,230238,46.0,2002
karachi,NA-242,muttahida qaumi movement,147892,177030,1812,178842,296822,60.25,2008
sargodha,NA-68,pakistan tehreek-e-insaf,45584,223031,7280,223784,373233,59.96,2013
kasur,NA-139,independent,1229,0,0,0,0,59.99,2018
faisalabad,NA-76,pakistan peoples party parlimentarian,19521,127603,3003,130606,291363,44.83,2002
rahimyar,NA-179,pakistan muslim league (n),88795,0,0,0,0,57.25,2018
attock,NA-59,pakistan peoples party parlimentarian,41674,130217,3401,133618,236272,56.55,2002
haripur,NA-19,independent,1346,288057,8467,295471,531865,55.55,2013
tribal,NA-51,independent,131,0,0,0,0,41.89,2018
kasur,NA-140,tehreek-e-labbaik pakistan,15500,0,0,0,0,60.65,2018
tribal,NA-46,independent,1846,0,0,0,0,43.17,2018
sahiwal,NA-163,national alliance,39312,126936,4070,131006,259416,50.5,2002
karachi,NA-250,pakistan tehreek-e-insaf,36049,146717,3136,149853,400675,37.4,2018
tribal area,NA-38,independent,0,0,0,0,0,0.0,2013
swab,NA-12,pakistan muslim league (n),7227,152455,4094,155163,351675,44.12,2013
gujranwala,NA-79,allah-o-akbar tehreek,3814,0,0,0,0,54.66,2018
lahore,NA-127,independent,1,93052,1338,94390,279080,33.82,2008
attock,NA-57,independent,250,182125,5464,186122,353751,52.61,2013
gujranwala,NA-82,aam awam party,326,0,0,0,0,52.26,2018
faisalabad,NA-110,pakistan sunni tehreek,100,0,0,0,0,57.01,2018
tribal area,NA-47,independent,94,48139,457,48217,121265,39.76,2013
gujranwala,NA-99,independent,80,145824,3981,149805,342054,43.8,2008
awaran cum lasbela,NA-270,pakistan peoples party parlimentarian,17143,72519,3274,75793,252610,30.0,2002
lahore,NA-123,independent,68,0,0,0,288994,0.0,2008
tribal area,NA-44,pakhtoonkhwa milli awami party,282,58959,1502,60000,185040,32.43,2013
lahore,NA-119,independent,9,153892,1818,155655,305570,50.93,2013
buner,NA-28,independent,30116,77626,1805,79431,290460,27.346,2008
layyah,NA-182,pakistan justice party,563,254352,9302,262364,388333,67.58,2013
okara,NA-143,pakistan muslim league (q),50106,117484,3422,120906,243777,49.6,2002
gujrat,NA-105,independent,1061,135208,3380,138588,292310,47.41,2002
faisalabad,NA-79,independent,268,148867,7226,156093,275953,56.56,2008
tribal area,NA-36,independent,3922,24648,341,24989,108081,23.12,2002
bahawalpur,NA-174,pakistan tehreek-e-insaf,63884,187100,6925,194025,368433,52.68,2018
gujranwala,NA-81,muttahida majlis-e-amal pakistan,4151,0,0,0,0,50.58,2018
rahimyar khan,NA-196,pakistan muslim league (n),30376,114817,2878,117695,256278,45.92,2002
peshawar,NA-3,pakistan muslim league (n),12096,90895,2566,93241,257192,36.25,2008
mardan,NA-10,pakistan peoples party parlimentarian,23138,93931,2928,96680,256037,37.76,2008
lahore,NA-124,pakistan tehreek-e-insaf,80981,0,0,0,0,48.5,2018
okara,NA-143,independent,0,124135,4627,128762,280597,45.88,2008
nowshera,NA-5,awami national party,29572,94570,2701,97234,263153,37.0,2008
tribal area,NA-38,independent,0,0,0,0,0,0.0,2013
sialkot,NA-111,pakistan peoples party (shaheed bhutto),328,222298,5508,227587,399981,56.89,2013
nowshera,NA-6,awami national party,36835,85144,3522,88635,238295,37.19,2008
lahore,NA-123,independent,89,173676,2155,175830,347941,50.53,2013
faisalabad,NA-105,pakistan tehreek-e-insaf,77862,241220,9135,250355,440419,56.84,2018
khairpur,NA-215,pakistan peoples party parlimentarian,91809,170509,5958,173725,285128,60.92,2013
lahore,NA-129,independent,990,147257,3392,148012,273648,54.08,2013
narowal,NA-115,independent,277,142358,5748,148106,247582,57.5,2013
quetta,NA-259,independent,140,73810,1691,75501,310948,24.3,2002
tribal area,NA-40,tehreek-e-pasmanada awam pakistan,5,77113,857,77970,160666,48.52,2013
gujranwala,NA-82,pakistan muslim league (n),117520,224670,6221,230891,441801,52.26,2018
khushab,NA-70,independent,58906,160524,5809,166328,273799,60.75,2008
mianwali,NA-72,pakistan peoples party parlimentarian,50210,143789,4525,148314,312785,47.42,2002
sialkot,NA-74,pakistan peoples party parlimentarian,2625,0,0,0,0,55.4,2018
shangla,NA-10,pakistan muslim league (n),34070,123670,4632,128302,374343,34.27,2018
jhang,NA-89,independent,71,125421,5028,129838,312773,41.51,2008
muzaffargarh,NA-177,independent,46409,136328,4766,141094,255321,55.26,2002
ghotki,NA-201,independent,92,127440,4003,131439,282085,46.19,2008
karachi,NA-248,pakistan muslim league (q),556,71494,1100,72594,225479,32.2,2002
attock,NA-55,tehreek-e-labbaik pakistan,25429,0,0,0,0,53.47,2018
dikhancumtank,NA-25,independent,154,187513,9165,195360,366793,53.26,2013
nowshera,NA-5,independent,930,156152,4521,159999,320675,49.89,2013
lahore,NA-125,pakistan muslim league (n),122327,250263,0,250263,485624,0.0,2018
gujranwala,NA-97,pakistan muslim league (n),48701,113526,3563,117159,344369,34.02,2008
tribal,NA-45,pakistan muslim league (z),29,0,0,0,0,35.01,2018
sheikhupura,NA-120,pakistan muslim league (n),99674,216295,7653,223948,377354,59.35,2018
tribal area,NA-36,independent,3432,53017,66,53083,179304,29.92,2013
sahiwal,NA-148,pakistan muslim league (n),128880,269177,6843,276020,492020,56.1,2018
tribal,NA-43,independent,10332,0,0,0,0,37.9,2018
lahore,NA-123,independent,4,0,0,0,288994,0.0,2008
kasur,NA-140,independent,86,133167,2350,130004,230446,56.41,2008
tribal area,NA-47,independent,662,48139,457,48217,121265,39.76,2013
kasuricumlahore,NA-138,karwan-i-millat pakistan,971,182053,6305,187843,282555,66.5,2013
bahawalnagar,NA-191,pakistan peoples party parlimentarian,83903,168500,4002,172405,362672,47.53,2008
rawalpindi,NA-51,pakistan peoples party parlimentarian,81761,175867,3320,179187,345475,51.87,2002
tribal,NA-50,independent,269,0,0,0,0,33.0,2018
karachi,NA-255,muttahida qaumi movement,25646,100230,1217,101447,246368,41.2,2002
peshawar,NA-31,pasban pakistan,615,0,0,0,0,42.2,2018
gujrat,NA-70,independent,3508,0,0,0,0,49.74,2018
tribal,NA-42,independent,114,0,0,0,0,0.0,2018
lahore,NA-125,pakistan tehreek-e-insaf,84495,222161,4199,217762,429485,51.9,2013
swabi,NA-18,independent,5923,0,0,0,0,43.39,2018
lahore,NA-130,pakistan muhafiz watan party,99,157391,3960,158657,290930,54.76,2013
karach,NA-249,awami muslim league pakistan,800,185457,2634,197024,304528,60.9,2013
sibicumkohlucumdera bugticumhernaiold sibi,NA-265,pakistan muslim league,56715,99592,1720,101312,281867,35.94,2008
dera ismail khan,NA-24,pakistan tehreek-e-insaf,21394,220433,10510,219518,390996,56.14,2013
rawalpindi,NA-56,pak wattan party,62,160363,1479,161627,288423,56.04,2013
rawalpindi,NA-54,pakistan sunni tehreek,327,165049,1801,166523,300816,55.36,2013
tor ghar cum mansehra,NA-21,independent,2152,172537,5660,177071,392364,45.13,2013
sargodha,NA-64,pakistan tehreek-e-insaf,11813,238820,9045,251242,415491,60.48,2013
mirpurkhas,NA-226,pakistan peoples party parlimentarian,63638,115311,2519,117830,261129,45.1,2002
karak,NA-15,independent,1123,159615,4284,162657,314969,51.64,2013
khushab,NA-93,independent,32498,0,0,0,0,57.86,2018
multan,NA-152,pakistan falah party,1186,191113,3641,194063,332921,58.29,2013
pakpattan,NA-164,pakistan muslim league (q),65494,117701,4670,122371,230030,53.2,2002
rawalpindi,NA-56,pakistan muslim league (q),3637,82089,2215,84304,231962,36.34,2002
bahawalnagar,NA-190,jamiat ulama-e-pakistan (noorani),953,192221,6347,198568,324085,61.27,2013
dadu,NA-231,pakistan peoples party parlimentarian,76568,120746,2422,123168,340793,36.1,2002
mardan,NA-9,independent,87,148390,3558,151637,336177,45.12,2013
tribal area,NA-41,pakistan tehreek-e-insaf,667,37461,706,0,92719,0.0,2013
peshawar,NA-4,pakistan muslim league (q),6266,63597,2226,65823,222276,29.61,2002
hangu,NA-16,pakistan peoples party parlimentarian,4700,64933,1657,65140,214703,30.81,2013
battagram,NA-12,awami national party,990,0,0,0,0,35.5,2018
swabi,NA-18,pakistan tehreek-e-insaf,78970,187543,7285,194828,449012,43.39,2018
mianwali,NA-96,muttahida majlis-e-amal pakistan,753,0,0,0,0,57.95,2018
rawalpindi,NA-63,tehreek-e-labbaik pakistan,9744,0,0,0,0,58.14,2018
mansehra,NA-20,pakistan muslim league,73644,155114,3669,158783,437390,36.02,2008
tribal area,NA-41,independent,4,37461,706,0,92719,0.0,2013
kasur,NA-141,muttahidda majlis-e-amal,47,126876,4918,131788,251254,52.45,2008
faisalabad,NA-77,pakistan muslim league (n),98057,175444,5667,180589,294667,61.48,2013
jhelum,NA-63,pakistan muslim league,51666,158985,83,163005,378616,43.0,2008
rawalpindi,NA-51,awami national party,371,239527,5815,245342,452466,54.22,2013
sialkot,NA-114,jamaat-e-islami pakistan,2698,212753,5275,217635,381496,57.05,2013
bolancumjhal magsi old kachhi,NA-267,pakistan muslim league,48275,111548,2020,112222,242024,46.36,2008
multan,NA-151,independent,139,126275,1502,127777,351092,38.85,2008
quetta,NA-265,pakistan tehreek-e-insaf,25973,114731,3422,118153,321117,36.79,2018
killa abdullah,NA-262,pakistan peoples party parlimentarian,27548,136235,1492,135268,392221,34.48,2008
korangi,NA-239,pakistan tehreek-e-insaf,69147,220937,3281,224218,528732,42.41,2018
mardan,NA-10,muttahida qaumi movement,201,93931,2928,96680,256037,37.76,2008
sialkot,NA-74,independent,358,0,0,0,0,55.4,2018
narowal,NA-115,awami qaidat party,1001,100282,4559,104841,237486,44.15,2002
badin,NA-224,pakistan peoples party (shaheed bhutto),418,139013,2582,141595,364228,38.9,2002
dera ghazi khan,NA-173,independent,45355,110619,2586,113205,282633,40.05,2002
sheikhupura,NA-134,pakistan muslim league (n),32113,110106,3773,113879,247581,46.0,2002
kasur,NA-139,mutahida deeni mahaz,849,182988,5734,188869,301506,62.0,2013
rahimyar khan,NA-197,pakistan muslim league (n),82565,140934,5108,145705,352085,41.0,2008
gujranwala,NA-82,tehreek-e-labbaik islam,16545,0,0,0,0,52.26,2018
bahawalnagar,NA-190,independent,121,192221,6347,198568,324085,61.27,2013
shikarpur,NA-198,pakistan peoples party parlimentarian,64187,145781,7328,153109,305410,50.13,2018
killa,NA-262,independent,453,85585,3521,89106,265538,33.6,2002
khairpur,NA-216,pakistan muslim league (f),97347,178296,4623,182708,378628,48.25,2008
lahore,NA-126,istiqlal party,17,196155,1916,196045,359492,55.0,2013
tribal area,NA-45,independent,13876,34966,513,35612,101272,35.16,2008
tribal area,NA-47,independent,21426,47706,402,46123,131222,35.14,2008
tribal area,NA-37,independent,21053,41321,711,42032,138559,30.34,2002
sanghar,NA-236,pakistan peoples party parlimentarian,56628,132706,1045,133751,290977,46.0,2002
bahawalpur,NA-186,national alliance,60456,138255,3245,141500,287829,49.16,2002
charsadda,NA-24,pakistan tehreek-e-insaf,83495,202073,7832,209905,463440,45.29,2018
tor ghar cum mansehra,NA-21,independent,814,172537,5660,177071,392364,45.13,2013
karak,NA-15,muttahidda majlis-e-amal,31325,95644,1780,97424,251508,38.74,2002
mardan,NA-10,pakistan peoples party parlimentarian,23138,93931,2928,96680,256037,37.76,2008
sawat,NA-30,muttahidda majlis-e-amal,67085,99169,3134,102303,315636,32.41,2002
chiniotii cumjhang old na jhang,NA-87,pakistan muslim league (n),93651,206990,8488,215478,367617,58.61,2013
nankana sahibicumsheikhupura old sheikhupura,NA-135,pakistan peoples party parlimentarian,9786,161938,6870,168588,285289,59.09,2013
lahore,NA-119,pakistan muslim league (n),43166,75965,971,76936,280155,27.46,2002
ghotki,NA-201,independent,74714,127440,4003,131439,282085,46.19,2008
sargodha,NA-91,tehreek-e-labbaik islam,2416,0,0,0,0,59.45,2018
killa,NA-263,independent,38,0,0,0,0,41.03,2018
karachi,NA-241,pakistan muslim league (n),3510,145735,1609,147344,268582,54.85,2008
lower dir,NA-34,muttahidda majlis-e-amal,11449,87451,2746,90029,371903,24.2,2008
buner,NA-28,awami national party,30903,77626,1805,79431,290460,27.346,2008
khushab,NA-94,independent,43738,0,0,0,0,59.49,2018
sialkot,NA-113,independent,172,155414,5996,161406,292273,55.02,2008
swat,NA-30,pakistan peoples party parlimentarian,16373,158098,7228,165325,460748,35.88,2013
sargodha,NA-67,muttahidda majlis-e-amal,38136,145378,4665,150043,305379,49.13,2002
kohat,NA-14,national alliance,1520,95825,3748,99573,317082,31.4,2002
tribal area,NA-41,independent,6948,37461,706,0,92719,0.0,2013
lodhran,NA-155,independent,55,153001,1123,154124,272048,56.65,2008
kachhi,NA-267,national alliance,57751,78230,1784,80014,230836,34.7,2002
tribal area,NA-45,independent,13876,34966,513,35612,101272,35.16,2008
faisalabad,NA-85,independent,108,197858,2496,200354,331974,60.35,2013
okara,NA-144,independent,173,0,0,0,0,57.42,2018
dikhan,NA-24,independent,388,138631,4287,142843,347165,41.14,2008
rawalpindi,NA-53,pakistan muslim league (n),72257,175409,4509,179918,343853,52.32,2008
rahimyar,NA-179,pakistan tehreek-e-insaf,110827,249334,4009,253343,442531,57.25,2018
peshawar,NA-27,independent,860,0,0,0,0,45.83,2018
mardan,NA-11,muttahidda majlis-e-amal,18155,39941,495,40436,256479,15.77,2008
rawalpindi,NA-59,independent,66369,0,0,0,0,58.78,2018
karachi,NA-243,pakistan muslim league (q),2580,93893,108,94001,250670,37.5,2002
faisalabad,NA-77,jamaat-e-islami pakistan,961,175444,5667,180589,294667,61.48,2013
kashmore old jacobabad,NA-210,independent,104,84801,1521,86322,292284,29.53,2008
faisalabad,NA-75,pakistan muslim league (q),55464,131722,3243,134965,297842,45.31,2002
multan,NA-159,pakistan tehreek-e-insaf,102606,226785,6628,233413,413257,56.48,2018
gujrat,NA-69,pakistan muslim league,122336,212770,5030,217800,467378,46.6,2018
lakki marwat,NA-27,independent,697,123547,3874,126515,266658,47.44,2008
shaheed,NA-213,pakistan muslim league (n),7803,0,0,0,0,46.86,2018
sheikhupura,NA-134,millat party,0,146443,5605,151990,250183,60.75,2013
nankana sahibii cumsheikhupura old sheikhupura,NA-136,pakistan muslim league (n),73775,168173,6739,174787,285503,61.22,2013
karachi,NA-253,pakistan peoples party parlimentarian,13947,79703,1101,80804,249365,32.4,2002
islamabad,NA-54,pakhtoonkhwa milli awami party,51,0,0,0,0,54.24,2018
nankana sahibicumsheikhupura old sheikhupura,NA-135,independent,98,161938,6870,168588,285289,59.09,2013
narowal,NA-117,pakistan tehreek-e-insaf,51359,154637,3067,157566,272892,57.73,2013
gujranwala,NA-83,independent,334,0,0,0,0,55.07,2018
peshawar,NA-31,independent,195,0,0,0,0,42.2,2018
kasur,NA-139,independent,635,117709,3663,121313,239473,50.66,2008
hangu,NA-16,independent,479,64933,1657,65140,214703,30.81,2013
tribal,NA-41,pakistan tehreek-e-insaf,22730,88439,2073,90512,237153,38.17,2018
jhelum,NA-63,pakistan muslim league,34072,203481,5273,208229,386957,53.87,2013
tando muhammad khancumhyderabadcumbadin hyderabad,NA-222,national peoples party,76,146770,6617,153480,260060,59.08,2013
okara,NA-147,independent,137,95961,0,96809,322087,30.06,2008
peshawar,NA-3,independent,1228,173647,5276,177823,384086,46.3,2013
rahimyar,NA-176,pakistan muslim league (n),78536,211149,5080,216229,394282,54.84,2018
nanka sahibi old sheikhupura,NA-135,pakistan muslim league (n),46739,124469,6006,124469,227137,54.79,2008
haripur,NA-19,pakistan muslim league (n),98670,222498,5757,228105,484252,47.1,2008
toba,NA-111,tehreek-e-labbaik pakistan,8830,0,0,0,0,58.32,2018
karachi,NA-249,muttahida qaumi movement,103846,180748,1709,182584,388099,47.0,2008
tribal area,NA-40,independent,9,34638,591,35254,126453,27.87,2008
kasur,NA-139,independent,40352,0,0,0,0,59.99,2018
sargodha,NA-66,pakistan peoples party parlimentarian,29624,212172,3065,214460,384131,56.83,2013
sukkur cum shikarpur,NA-198,independent,47,107595,2465,110038,265679,41.41,2008
naushehro feroz,NA-211,national peoples party,83960,162722,7613,170114,287886,59.09,2013
tribal area,NA-40,independent,5894,34638,591,35254,126453,27.87,2008
tribal,NA-49,independent,94,0,0,0,0,20.71,2018
nankana,NA-118,pakistan peoples party parlimentarian,18726,0,0,0,0,58.64,2018
kasur,NA-141,independent,114,107743,3189,110932,256425,43.26,2002
kasur,NA-137,independent,654,0,0,0,0,58.91,2018
chakwal,NA-61,independent,50,148918,3494,226985,395039,38.42,2008
badin,NA-224,pakistan peoples party parlimentarian,70231,139013,2582,141595,364228,38.9,2002
lahore,NA-127,independent,2277,93052,1338,94390,279080,33.82,2008
khairpur,NA-216,pakistan muslim league (f),97347,178296,4623,182708,378628,48.25,2008
peshawar,NA-1,muttahida qaumi movement,151,88325,629,88913,387083,22.97,2008
rahimyar khan,NA-197,muttahida qaumi movement,479,140934,5108,145705,352085,41.0,2008
kasur,NA-140,all pakistan bayrozgar party,89,182127,5715,185869,291601,63.74,2013
jhang,NA-90,independent,56647,116344,2910,119254,230982,51.63,2002
bahawalpur,NA-184,independent,99,134088,1736,135823,321784,42.2,2008
faisalabad,NA-85,independent,108,197858,2496,200354,331974,60.35,2013
pishincumziarat,NA-261,independent,14,81820,3191,85306,297591,28.66,2008
nankana sahibiii old sheikhupra,NA-137,pakistan tehreek-e-insaf,8896,169065,6641,175596,287484,61.08,2013
karachi,NA-257,awami qaidat party,73,105413,1630,107043,256535,41.7,2002
sanghar,NA-217,pakistan peoples party parlimentarian,103221,158947,6389,165336,345442,47.86,2018
shikarpur old shikarpur,NA-202,pakistan peoples party parlimentarian,47379,101773,4577,106350,275349,38.62,2008
khuzdar,NA-269,independent,1189,58663,4201,62852,186598,33.68,2008
mirpurkhas,NA-219,tabdeeli pasand party pakistan,533,0,0,0,0,53.39,2018
ghotki,NA-201,pakistan peoples party parlimentarian,51894,127440,4003,131439,282085,46.19,2008
swat,NA-30,awami national party,3804,69314,2918,79986,404540,19.8,2008
ghotki,NA-201,independent,117,104775,4284,109059,285481,38.2,2002
sheikhupura,NA-131,pakistan muslim league (n),119180,123186,1100,124286,221111,56.2,2008
kasur,NA-139,independent,635,117709,3663,121313,239473,50.66,2008
bahawalnagar,NA-166,independent,786,0,0,0,0,62.92,2018
tribal,NA-43,pakistan tehreek-e-insaf,33243,84335,1557,85892,226627,37.9,2018
karachi,NA-244,muttahida qaumi movement,174044,185581,1492,187074,290891,64.31,2008
tribal area,NA-40,independent,95,77113,857,77970,160666,48.52,2013
rawalpindi,NA-52,pakistan muslim league,43866,255828,4329,259631,455186,57.04,2013
hyderabadcummatiari oldhyderabad,NA-221,mutahida deeni mahaz,997,115458,24516,139974,269066,52.02,2013
ghotki,NA-204,pakistan peoples party parlimentarian,99878,204069,10058,214127,366842,58.37,2018
tribal area,NA-43,independent,3599,26625,748,27373,114139,23.98,2002
bahawalnagar,NA-188,pakistan muslim league,52981,142799,5542,148311,269766,54.98,2008
nawabshah,NA-213,pakistan peoples party parlimentarian,75237,129270,3183,132453,330639,40.06,2002
kachhicumjhal magsi,NA-267,national party,995,88280,2448,90452,147595,61.28,2013
lahore,NA-128,independent,380,0,0,0,0,55.21,2018
nausheroferoze,NA-211,pakistan muslim league (n),609,129232,2610,131842,329798,40.0,2002
tribal area,NA-47,independent,22,34627,414,35041,120963,28.97,2002
gujranwala,NA-96,pakistan muslim league (n),105182,154948,2997,154760,303568,52.0,2013
chakwal,NA-61,independent,131,275247,9752,272744,443677,61.0,2013
vehari,NA-168,pakistan peoples party parlimentarian,47841,141072,3773,144845,277169,52.26,2002
karachi,NA-256,pakistan muslim league (j),179,90810,873,91683,261912,35.0,2002
multan,NA-148,independent,195,138099,0,150402,344896,43.6,2008
quetta,NA-259,pakistan pakhtoonkhawa milli awami party,17240,73810,1691,75501,310948,24.3,2002
malakand,NA-8,pakistan tehreek-e-insaf,81310,180838,5591,186429,386449,48.24,2018
karachi,NA-247,muttahida qaumi movement,168007,182714,1321,184035,303455,60.0,2008
muzaffargarh,NA-176,muttahida qaumi movement,1093,142246,4582,146584,275075,53.28,2008
lahore,NA-134,allah-o-akbar tehreek,675,0,0,0,0,53.4,2018
faisalabad,NA-101,tehreek-e-labbaik islam,1523,0,0,0,0,58.19,2018
hafizabad,NA-87,tehreek-e-labbaik pakistan,44130,0,0,0,0,59.13,2018
mandi,NA-85,allah-o-akbar tehreek,1733,0,0,0,0,53.45,2018
mirpurkhascumumerkot,NA-226,pakistan peoples party parlimentarian,78543,143934,4184,148116,354611,41.76,2008
gujranwala,NA-79,pakistan muslim league (n),142545,291214,4960,296174,541848,54.66,2018
gujranwala,NA-95,muttahidda majlis-e-amal,337,107847,2113,109921,328711,33.4,2008
bahawalpur,NA-170,independent,40,0,0,0,0,52.29,2018
bhakkar,NA-74,pakistan tehreek-e-insaf,6199,246463,12216,255739,375159,68.16,2013
faisalabad,NA-85,pakistan muslim league (n),72197,130907,2023,132930,286136,46.45,2008
tribal area,NA-47,independent,54,47706,402,46123,131222,35.14,2008
okara,NA-147,independent,31,95961,0,96809,322087,30.06,2008
tribal area,NA-41,independent,35,37461,706,0,92719,0.0,2013
peshawar,NA-3,awami national party,26201,90895,2566,93241,257192,36.25,2008
faisalabad,NA-77,independent,754,175444,5667,180589,294667,61.48,2013
muzaffargarh,NA-176,pakistan peoples party parlimentarian,50826,142246,4582,146584,275075,53.28,2008
malir,NA-237,tehreek-e-labbaik pakistan,11665,0,0,0,0,42.23,2018
dadu,NA-233,pakistan muslim league (q),62388,115441,1829,117270,329858,35.6,2002
abbottabad,NA-18,muttahida qaumi movement,154,150979,3843,154603,347770,44.26,2008
haripur,NA-19,independent,71254,222498,5757,228105,484252,47.1,2008
khushab,NA-69,independent,60443,164024,6117,170111,283887,59.92,2008
quetta,NA-264,muttahida majlis-e-amal pakistan,14887,67291,2596,69887,175744,39.77,2018
multan,NA-150,pakistan tehreek-e-insaf,92761,190785,2155,192888,373331,51.67,2013
korangi,NA-241,pakistan tehreek-e-insaf,26706,111812,2260,114072,314450,36.28,2018
lahore,NA-124,jamiat ulama-e-pakistan (noorani),101,171312,2431,174436,322562,53.56,2013
mianwal,NA-71,independent,322,216394,7988,222919,386930,57.61,2013
okara,NA-144,independent,105585,0,0,0,0,57.42,2018
charsadda,NA-8,awami national party,15953,139141,4625,143540,327423,43.63,2013
faisalabad,NA-85,pakistan gharib party,131,111265,1673,112938,288603,39.13,2002
vehari,NA-167,independent,180,152880,1367,154247,363091,42.48,2008
tribal area,NA-38,independent,16525,24900,19,24919,87993,28.31,2008
gujrat,NA-70,pakistan tehreek-e-insaf,95168,235525,10559,246084,494780,49.74,2018
sheikhupura,NA-132,independent,99,101681,2461,104142,251788,41.36,2002
lakki marwat,NA-27,independent,448,169216,5277,174492,330921,53.0,2013
vehari,NA-168,independent,2976,120626,1460,153840,313416,49.8,2008
tribal area,NA-47,independent,5448,34627,414,35041,120963,28.97,2002
tribal,NA-43,independent,99,0,0,0,0,37.9,2018
abbottabad,NA-18,hazara awami ittehad pakistan,214,181627,6784,187224,336924,55.57,2013
sahiwal,NA-160,pakistan muslim league (n),59373,124168,3699,127082,248573,51.12,2008
gujranwala,NA-99,independent,2016,179614,6044,178899,318029,56.25,2013
kasur,NA-141,pakistan muslim league (n),96737,187800,7239,194340,309577,62.78,2013
hangu,NA-33,muttahida majlis-e-amal pakistan,27968,0,0,0,0,28.47,2018
gujranwala,NA-96,pakistan peoples party parlimentarian,13667,154948,2997,154760,303568,52.0,2013
lahore,NA-124,pakistan tehreek-e-insaf,80981,0,0,0,0,48.5,2018
lahore,NA-124,muttahidda majlis-e-amal,0,106458,2030,108266,275697,39.0,2008
jhang,NA-87,pakistan muslim league,63515,142022,6457,146653,307499,47.6,2008
sargodha,NA-64,pakistan peoples party parlimentarian,67212,238820,9045,251242,415491,60.48,2013
mianwali,NA-95,independent,476,0,0,0,0,54.29,2018
mianwali,NA-72,independent,49294,160128,6286,165729,307839,53.83,2008
lahore,NA-128,independent,1357,220114,3174,220976,418384,64.0,2013
tribal area,NA-41,jamiat ulama-e-islam (f),3045,37461,706,0,92719,0.0,2013
faisalabad,NA-78,awami justice party pakistan,2645,177008,12488,188935,301973,62.57,2013
muzaffargarh,NA-179,pakistan peoples party parlimentarian,79643,146490,2728,148411,264185,56.0,2008
tribal,NA-45,independent,56,0,0,0,0,35.01,2018
hyderabad,NA-221,independent,121,68266,1466,69732,223681,31.2,2002
khairpur,NA-217,pakistan peoples party parlimentarian,77125,132957,4947,138606,341935,40.53,2008
sahiwal,NA-161,pakistan muslim league (q),38207,122960,4701,127661,270851,47.13,2002
gujrat,NA-106,pakistan muslim league (n),83024,213817,6893,222983,413565,53.91,2013
karachi,NA-253,muttahida qaumi movement,52426,152046,1970,154016,404053,38.12,2018
bahawalpur,NA-186,jamaat-e-islami pakistan,906,192519,5709,197717,310421,63.69,2013
kohat,NA-14,pakistan tehreek-e-insaf,68129,170165,5600,174912,409775,42.68,2013
toba,NA-113,independent,960,0,0,0,0,59.9,2018
toba tek singh,NA-92,jamaat-e-islami pakistan,2200,216146,8058,218731,354476,60.7,2013
chakwal,NA-61,pakistan muslim league (n),114282,275247,9752,272744,443677,61.0,2013
tribal,NA-45,independent,52,0,0,0,0,35.01,2018
nankana sahibii old sheikhupura,NA-137,independent,54732,124965,5452,130408,234225,55.6,2008
lahore,NA-133,pakistan tehreek-e-insaf,77231,0,0,0,0,51.89,2018
tribal area,NA-46,independent,4,16896,142,0,0,0.0,2013
gujrat,NA-106,pakistan muslim league (n),10506,172429,6456,179026,322310,55.54,2008
faisalabad,NA-79,independent,94,192563,7322,190941,335868,56.85,2013
gujrat,NA-71,pakistan muslim league (n),88588,246856,6244,253100,497500,50.87,2018
kohat,NA-14,awami national party,11299,95825,3748,99573,317082,31.4,2002
peshawar,NA-1,jamaat-e-islami pakistan,7051,145924,2103,146044,320578,46.18,2013
lahore,NA-128,independent,121,220114,3174,220976,418384,64.0,2013
nowshera,NA-26,pakistan tehreek-e-insaf,90256,182523,5636,188159,377308,49.87,2018
tribal area,NA-45,independent,9121,19698,348,20046,91361,21.94,2002
tribal area,NA-41,independent,8177,30640,600,31240,94077,33.2,2008
karachi,NA-241,muttahidda majlis-e-amal,26812,73634,924,74558,201562,37.0,2002
tribal area,NA-41,independent,37,26188,844,27032,86598,31.22,2002
karachi,NA-249,muttahida qaumi movement,30458,85681,900,86581,250626,34.5,2002
jacobabad,NA-209,pakistan muslim league (q),39024,92836,2999,95835,281410,34.1,2002
ghotki,NA-200,pakistan peoples party parlimentarian,68296,108710,3946,112656,281655,40.0,2002
gujrat,NA-107,pakistan peoples party parlimentarian,52484,158143,5399,163542,308463,53.02,2002
bhakkar,NA-74,pakistan peoples party parlimentarian,13489,246463,12216,255739,375159,68.16,2013
jhangii old na jhang,NA-90,independent,96,152655,7256,159911,238856,66.67,2013
rawalpindi,NA-52,pakistan muslim league (n),54917,79175,0,79175,375934,21.06,2008
mbdin,NA-108,independent,67769,182659,5054,187602,338597,55.41,2008
dera ismail khan,NA-24,independent,666,220433,10510,219518,390996,56.14,2013
lahore,NA-119,independent,146,75965,971,76936,280155,27.46,2002
sheikhupura,NA-131,independent,251,123186,1100,124286,221111,56.2,2008
sialkot,NA-111,independent,70,222298,5508,227587,399981,56.89,2013
sheikhupuracumnankana sahibii old sheikhupura,NA-134,independent,71,104982,2804,107786,208782,51.66,2008
karachi,NA-254,sunni tehreek,4231,79163,1191,80354,230917,34.8,2002
layyah,NA-188,pakistan tehreek-e-insaf,109420,279417,8076,287493,449098,64.02,2018
lahore,NA-122,independent,96,182104,2175,184151,326028,58.48,2013
nawabshah,NA-213,independent,82,199182,6044,205226,374425,54.81,2013
okara,NA-147,independent,18,95961,0,96809,322087,30.06,2008
kamber,NA-202,pakistan peoples party parlimentarian,72159,127881,10727,138608,324402,42.73,2018
faisalabad,NA-107,tehreek-e-labbaik pakistan,9034,0,0,0,0,57.52,2018
rahimyar,NA-179,independent,346,0,0,0,0,57.25,2018
rahimyar,NA-175,pakistan tehreek-e-insaf,96967,236534,6210,242744,429706,56.49,2018
korangi,NA-240,muttahida qaumi movement,61165,174958,2801,177759,475523,37.38,2018
tribal area,NA-42,independent,12,12649,208,12507,108056,11.57,2013
khuzdar,NA-269,balochistan national movement,24359,56409,2621,59030,252902,23.34,2002
gujranwala,NA-101,independent,415,143821,4897,148718,302628,49.14,2002
okara,NA-146,pakistan muslim league (q),48587,111298,4633,115931,248891,46.58,2002
karachi,NA-245,pak sarzameen party,6136,0,0,0,0,37.49,2018
malakand,NA-35,muttahidda majlis-e-amal,37663,69576,1915,71491,206496,34.62,2002
lahore,NA-120,independent,10,151403,2031,153328,295826,51.85,2013
hyderabadii old hyderabad,NA-220,pakistan muslim league (n),2215,174781,1866,177070,364798,48.53,2008
swat,NA-3,awami national party,21895,0,0,0,0,40.35,2018
karach,NA-258,independent,97,171331,4226,175557,393793,44.58,2013
pishin cum ziarat,NA-261,independent,564,71016,4045,75061,270777,27.7,2002
malir,NA-236,independent,156,0,0,0,0,50.4,2018
lahore,NA-129,pakistan national democratic party,191,147257,3392,148012,273648,54.08,2013
sheikhupuraiicumnankana sahib old  sheikhupura,NA-132,independent,199,160238,5378,165569,291232,56.85,2013
bahawalpur,NA-172,independent,744,0,0,0,0,64.08,2018
khushab,NA-70,pakistan muslim league (q),52983,141809,3075,144884,256511,56.48,2002
rahimyar khan,NA-194,pakistan peoples party parlimentarian,59630,135758,3147,138905,300057,46.29,2002
abbottabad,NA-18,muttahidda majlis-e-amal,2373,150979,3843,154603,347770,44.26,2008
kasur,NA-138,muttahidda majlis-e-amal,11408,116211,3545,119756,245303,48.82,2002
tribal area,NA-36,independent,16,22873,390,23263,126007,18.15,2008
khanewal,NA-157,pakistan muslim league (n),52517,139994,2584,142578,303984,46.9,2002
faisalabad,NA-104,independent,57362,0,0,0,0,55.88,2018
kohistan,NA-11,independent,26,0,0,0,0,40.89,2018
bahawalnagar,NA-167,pakistan muslim league (n),91349,209060,6500,215560,379417,56.81,2018
faisalabad,NA-83,muttahida qaumi movement,52,104403,1553,105956,282919,37.45,2002
haripur,NA-19,pakistan muslim league (n),114807,288057,8467,295471,531865,55.55,2013
islamabad,NA-48,independent,93,104409,548,104902,239924,43.72,2008
mansehra,NA-13,pak sarzameen party,751,0,0,0,0,59.66,2018
sahiwal,NA-147,independent,191,0,0,0,0,56.04,2018
sahiwal,NA-163,pakistan muslim league,39864,131852,3771,134803,219426,61.43,2008
kasur,NA-140,independent,1106,0,0,0,0,60.65,2018
attock,NA-57,independent,444,182125,5464,186122,353751,52.61,2013
sheikhupuraii old sheikhupura,NA-133,independent,19,97934,3959,101893,222833,45.73,2008
tribal,NA-44,independent,72,0,0,0,0,25.32,2018
karachi,NA-257,mohajar qaumi movement pakistan,6433,105413,1630,107043,256535,41.7,2002
tribal area,NA-47,independent,2222,47706,402,46123,131222,35.14,2008
lahore,NA-120,independent,41,96275,1160,97433,268552,36.28,2008
lahore,NA-128,independent,121,220114,3174,220976,418384,64.0,2013
ghotki,NA-200,independent,195,142454,7101,149555,296064,50.51,2008
bahawalnagar,NA-167,pakistan muslim league (n),91349,209060,6500,215560,379417,56.81,2018
lahore,NA-123,pakistan muslim league (n),44146,0,0,0,288994,0.0,2008
nowshera,NA-25,awami national party,26506,0,0,0,0,48.79,2018
faisalabad,NA-110,sunni ittehad council,5085,0,0,0,0,57.01,2018
multan,NA-149,pakistan peoples party parlimentarian,31085,87083,1168,88251,316900,27.85,2002
kohistan,NA-11,independent,111,0,0,0,0,40.89,2018
sargodha,NA-67,independent,2007,222840,8161,228217,365609,63.02,2013
attock,NA-58,pakistan muslim league (n),85244,220811,7137,226165,359058,83.09,2013
jhang,NA-91,independent,36173,136876,3562,140438,261795,53.64,2002
lahore,NA-127,independent,16,93052,1338,94390,279080,33.82,2008
badin,NA-224,pakistan peoples party parlimentarian,70231,139013,2582,141595,364228,38.9,2002
rajanpur,NA-174,jamiat ulama-e-pakistan (noorani),80,211060,10187,219916,369102,59.52,2013
gujranwala,NA-99,independent,17117,179614,6044,178899,318029,56.25,2013
karachi,NA-252,mohajar qaumi movement pakistan,147,73068,951,74019,222482,33.3,2002
peshawar,NA-3,independent,679,173647,5276,177823,384086,46.3,2013
attock,NA-59,pakistan peoples party parlimentarian,31726,191704,7137,198841,309334,64.0,2013
bahawalnagar,NA-169,pakistan muslim league (n),91763,242832,4949,247781,410644,60.34,2018
layyah,NA-188,pakistan tehreek-e-insaf,109420,279417,8076,287493,449098,64.02,2018
mardan,NA-22,awami national party,27104,0,0,0,0,51.59,2018
faisalabad,NA-79,pakistan muslim league,4660,192563,7322,190941,335868,56.85,2013
tribal area,NA-37,independent,6,87090,206,87296,141190,61.82,2008
lahore,NA-132,tehreek-e-labbaik pakistan,7305,0,0,0,0,60.45,2018
mardan,NA-11,pakistan peoples party parlimentarian,26928,132539,3970,136212,329285,42.0,2013
jhelum,NA-63,independent,299,203481,5273,208229,386957,53.87,2013
sheikhupura,NA-122,independent,144,0,0,0,0,57.83,2018
mansehra,NA-20,pakistan tehreek-e-insaf,250,117395,3379,120774,327352,36.89,2002
sargodha,NA-67,independent,104,170981,3496,174471,372351,46.85,2008
quetta,NA-266,independent,179,0,0,0,0,34.3,2018
peshawar,NA-3,muttahidda majlis-e-amal,33567,67357,1955,69312,226299,30.63,2002
dikhan,NA-24,pakistan peoples party parlimentarian,83560,138631,4287,142843,347165,41.14,2008
sahiwal,NA-161,pakistan shia political party,42855,122960,4701,127661,270851,47.13,2002
jhang,NA-89,independent,36,112947,3525,116472,244542,47.63,2002
kohistan,NA-23,muttahidda majlis-e-amal,5418,53086,3386,56472,317734,16.7,2008
sargodha,NA-67,pakistan muslim league,97361,222840,8161,228217,365609,63.02,2013
tribal,NA-44,independent,1693,0,0,0,0,25.32,2018
naushero feroze,NA-212,independent,6401,158163,3930,162084,376544,43.04,2008
karachi,NA-244,mohajir qaumi movement pakistan,152,0,0,0,0,41.91,2018
tribal area,NA-37,independent,2,87090,206,87296,141190,61.82,2008
islamabad,NA-49,pakistan peoples party parlimentarian,44984,214364,1406,216008,334241,64.36,2013
badincumtando muhammad khaniiold badin,NA-225,pakistan muslim league (f),65258,182765,9715,192434,320072,60.12,2013
chitral,NA-32,pakistan peoples party parlimentarian,19877,124946,6574,131520,208810,63.66,2013
badincumtando muhammad khani old badin,NA-224,independent,268,130012,8728,138742,331871,41.8,2008
charsadda,NA-8,pakistan peoples party parlimentarian,3848,139141,4625,143540,327423,43.63,2013
faisalabad,NA-78,pakistan muslim league (q),57071,136169,5110,141279,311445,45.36,2002
islamabad,NA-48,independent,23,173189,1042,173968,292142,59.55,2013
tribal area,NA-39,independent,9,47602,231,47833,125687,38.05,2013
kasur,NA-140,independent,59,133167,2350,130004,230446,56.41,2008
nausheroferoze,NA-211,national alliance,83403,129232,2610,131842,329798,40.0,2002
gujrat,NA-105,pakistan peoples party parlimentarian,79735,146179,3638,150621,332332,45.32,2008
gujranwala,NA-82,tehreek tabdili nizam pakistan,935,0,0,0,0,52.26,2018
mianwal,NA-72,pakistan peoples party parlimentarian,1102,230577,8483,237444,371374,63.69,2013
muzaffargarh,NA-177,mutahida deeni mahaz,8948,221919,8141,289210,357013,64.02,2013
vehari,NA-170,pakistan peoples party parlimentarian,73014,140985,4152,145137,282646,51.35,2002
bahawalnagar,NA-191,jamaat-e-islami pakistan,1240,206143,5861,211774,326972,84.77,2013
malir,NA-238,pasban pakistan,68,0,0,0,0,44.0,2018
karachi,NA-240,muttahidda majlis-e-amal,22764,86444,892,87336,222359,39.3,2002
hafizabad,NA-103,pakistan muslim league,56791,121383,4100,125483,198007,63.37,2008
vehari,NA-167,pakistan peoples party parlimentarian,74308,152880,1367,154247,363091,42.48,2008
larkana,NA-205,independent,346,90414,2219,92633,272435,34.0,2002
chakwal,NA-61,independent,126,275247,9752,272744,443677,61.0,2013
multan,NA-152,pakistan muslim league,38126,135092,3599,138691,336035,41.23,2008
kasur,NA-139,pakistan peoples party parlimentarian,28732,100130,3058,103188,266294,38.75,2002
sahiwal,NA-161,pakistan peoples party parlimentarian,38962,128909,6104,135661,236482,57.36,2008
kasur,NA-139,independent,152,100130,3058,103188,266294,38.75,2002
sheikhupura,NA-134,muttahida qaumi movement,117,146443,5605,151990,250183,60.75,2013
rawalpindi,NA-54,pakistan peoples party parlimentarian,31491,82292,1488,83780,209619,39.97,2002
hafizabad,NA-103,independent,341,162738,4852,165135,259256,63.69,2013
rawalpindi,NA-51,jamiat ulama-e-islam (f),412,239527,5815,245342,452466,54.22,2013
dera,NA-190,tehreek-e-labbaik pakistan,6343,0,0,0,0,51.66,2018
gujranwala,NA-95,independent,39,166280,2961,169135,318739,53.06,2013
dera ghazi khan,NA-173,muttahidda majlis-e-amal,1559,134657,5384,140021,334228,41.89,2008
jhang,NA-89,independent,908,125421,5028,129838,312773,41.51,2008
gujrat,NA-107,independent,98,207167,4385,211081,400622,53.0,2013
gujranwala,NA-80,muttahida majlis-e-amal pakistan,2112,0,0,0,0,53.36,2018
karachi,NA-251,muttahidda majlis-e-amal,22045,77719,119,77838,210491,37.0,2002
narowal,NA-116,jamaat-e-islami pakistan,876,146223,5351,151574,271905,55.74,2013
shangla,NA-31,mohajir qaumi movement pakistan,134,92744,4093,93978,296723,31.67,2013
lahore,NA-123,pakistan muslim league (n),97193,203871,3503,207374,405583,51.13,2018
gujranwala,NA-80,independent,378,0,0,0,0,53.36,2018
rajanpur,NA-175,independent,69030,116506,3504,120010,292109,41.08,2002
peshawar,NA-4,awami national party,31598,80806,1604,79728,260335,30.62,2008
sukkurcumshikarpur,NA-198,independent,125,126678,4496,131108,254082,52.0,2013
lahore,NA-125,pakistan muslim league,13702,110246,1471,111707,311540,35.86,2008
tribal,NA-45,independent,47,0,0,0,0,35.01,2018
jhang,NA-89,tehrik-e-istaqlal,14,112947,3525,116472,244542,47.63,2002
tribal area,NA-42,independent,12360,30472,694,31166,122373,25.47,2002
faisalabad,NA-106,independent,490,0,0,0,0,58.92,2018
jhangiiiold na jhang,NA-91,pakistan peoples party parlimentarian,768,183806,6247,189251,279042,67.82,2013
tribal,NA-51,awami national party,2399,0,0,0,0,41.89,2018
tribal,NA-49,independent,56,0,0,0,0,20.71,2018
pakpattan,NA-146,independent,92,0,0,0,0,59.55,2018
tribal area,NA-46,independent,64,16896,142,0,0,0.0,2013
mardan,NA-22,pakistan tehreek-e-insaf,58577,195463,5594,201057,389688,51.59,2018
korangi,NA-239,independent,125,0,0,0,0,42.41,2018
shangla,NA-10,independent,247,0,0,0,0,34.27,2018
gujranwala,NA-98,independent,935,201776,6170,206591,363205,56.88,2013
dera,NA-38,independent,358,0,0,0,0,54.82,2018
lahore,NA-128,independent,380,0,0,0,0,55.21,2018
karachi,NA-256,pakistan tehreek-e-insaf,89850,198866,3118,201984,489665,41.25,2018
lahore,NA-119,independent,83,75965,971,76936,280155,27.46,2002
narowal,NA-115,independent,27316,100282,4559,104841,237486,44.15,2002
daduii old dadu,NA-233,pakistan muslim league (n),60,134071,2990,136667,438137,31.19,2008
gujrat,NA-105,pakistan muslim league,78171,199918,4492,203864,394060,51.73,2013
rawalpindi,NA-53,independent,45,237097,0,236524,382115,61.9,2013
faisalabad,NA-80,pakistan muslim league (n),96039,198111,7743,205706,343277,59.92,2013
faisalabad,NA-80,independent,276,138897,3896,142793,260300,54.75,2008
gujranwala,NA-95,independent,39,166280,2961,169135,318739,53.06,2013
attock,NA-59,pakistan tehreek-e-insaf,33721,191704,7137,198841,309334,64.0,2013
karak,NA-15,independent,21002,110588,2636,113127,291693,38.78,2008
lahore,NA-122,muttahidda majlis-e-amal,84,116359,1653,118060,331381,35.62,2008
bhakkar,NA-73,pakistan peoples party parlimentarian,3223,217179,13256,230052,336765,68.31,2013
mandi bahauddin,NA-109,independent,452,210501,6445,212922,384637,55.36,2013
multan,NA-153,pakistan tehreek-e-insaf,844,139293,2823,142116,301449,47.14,2002
tank,NA-37,independent,56,0,0,0,0,43.7,2018
karachi,NA-258,labour party pakistan(krandi),164,106656,2233,108889,263393,41.3,2002
dera,NA-38,tehreek-e-labbaik pakistan,6122,0,0,0,0,54.82,2018
faisalabad,NA-107,pakistan tehreek-e-insaf,126441,245950,3344,249294,433402,57.52,2018
toba tek singh,NA-94,independent,67603,170131,4818,174949,344077,50.85,2002
pishin cum ziarat,NA-261,pakistan muslim league (q),12914,71016,4045,75061,270777,27.7,2002
islamabad,NA-49,pakistan muslim league,34546,135591,983,136573,242877,56.23,2008
narowal,NA-116,pakistan muslim league (n),91409,146223,5351,151574,271905,55.74,2013
khuzdar,NA-269,independent,17609,58663,4201,62852,186598,33.68,2008
sargodha,NA-91,pakistan muslim league (n),110525,265560,6733,272293,457921,59.45,2018
chitral,NA-32,pakistan muslim league (q),23907,81415,2572,83987,170954,49.13,2002
lahore,NA-130,pakistan quami yakjehti party,414,0,0,0,0,52.99,2018
lower dir,NA-34,independent,185,149331,5364,152181,504694,30.15,2013
toba tek singh,NA-94,independent,253,242627,8291,246020,385561,63.8,2013
islamabad,NA-48,pakistan muslim league (q),3915,87601,626,88227,187426,47.07,2002
sukkur cum shikarpur,NA-198,independent,51,107595,2465,110038,265679,41.41,2008
kohat,NA-14,pakistan tehreek-e-insaf,68129,170165,5600,174912,409775,42.68,2013
rawalpindi,NA-50,independent,370,247047,7316,252679,442458,57.1,2013
rawalpindi,NA-52,millat party,0,255828,4329,259631,455186,57.04,2013
khairpur,NA-209,pakistan peoples party parlimentarian,95921,177514,9792,187306,334825,55.94,2018
sheikhupura,NA-131,independent,211,152243,4688,156911,273993,55.56,2013
pishin cum ziarat,NA-261,pakistan peoples party parlimentarian,200,71016,4045,75061,270777,27.7,2002
dadu,NA-234,pakistan peoples party parlimentarian,96038,181763,6571,188334,373589,50.41,2018
gujranwala,NA-97,independent,233,113526,3563,117159,344369,34.02,2008
pakpattan,NA-146,independent,243,0,0,0,0,59.55,2018
lakki marwat,NA-27,independent,697,123547,3874,126515,266658,47.44,2008
vehari,NA-162,tehreek-e-labbaik pakistan,10464,0,0,0,0,55.91,2018
bahawalpur,NA-186,pakistan muslim league,61403,192519,5709,197717,310421,63.69,2013
multan,NA-149,independent,105,87083,1168,88251,316900,27.85,2002
sargodha,NA-66,independent,52,212172,3065,214460,384131,56.83,2013
lahore,NA-123,independent,101,173676,2155,175830,347941,50.53,2013
tribal area,NA-46,independent,70,16896,142,0,0,0.0,2013
islamabad,NA-49,independent,74,214364,1406,216008,334241,64.36,2013
muzaffargarh,NA-182,pakistan peoples party parlimentarian,53054,197599,6491,204090,334653,60.99,2018
gujranwala,NA-96,muttahidda majlis-e-amal,2600,100373,2178,102551,345090,29.7,2008
narowal,NA-116,independent,45097,114350,6537,120887,224956,53.73,2008
gujranwala,NA-79,pakistan muslim league (n),142545,291214,4960,296174,541848,54.66,2018
khairpur,NA-215,pakistan peoples party parlimentarian,62447,113319,2781,116100,302490,38.4,2002
bahawalnagar,NA-191,pakistan muslim league (z),55109,152350,3011,155361,303421,51.2,2002
dera,NA-192,pakistan tehreek-e-insaf,80522,160360,5632,165992,302437,54.88,2018
malakand,NA-8,qaumi watan party,1156,0,0,0,0,48.24,2018
muzaffargarh,NA-184,tehreek-e-labbaik islam,1167,0,0,0,0,58.52,2018
chinioti old  na jhang,NA-86,independent,78,178119,5827,183946,289317,63.58,2013
mianwali,NA-71,pakistan muslim league (n),2087,162464,5468,167812,330173,50.82,2008
thatta,NA-238,pakistan peoples party (shaheed bhutto),243,116369,2770,119139,286897,41.5,2002
lahore,NA-118,muttahida qaumi movement,93,92862,1758,94620,250850,37.7,2008
jhangii old na jhang,NA-90,independent,96,152655,7256,159911,238856,66.67,2013
sargodha,NA-90,muttahida majlis-e-amal pakistan,7947,0,0,0,0,52.97,2018
killa,NA-262,pakistan pakhtoonkhawa milli awami party,35385,85585,3521,89106,265538,33.6,2002
sahiwal,NA-149,national party,170,0,0,0,0,56.92,2018
okara,NA-144,independent,376,0,0,0,0,57.42,2018
gujranwala,NA-96,independent,28,100373,2178,102551,345090,29.7,2008
upper dircumlower din old upper dir,NA-33,pakistan tehreek-e-insaf,15397,115473,4360,118279,368035,32.14,2013
faisalabad,NA-75,pakistan muslim league (n),31283,131722,3243,134965,297842,45.31,2002
toba tek singh,NA-93,muttahida qaumi movement,241,221817,5795,227220,352845,64.4,2013
sargodha,NA-66,pakistan muslim league (n),133085,212172,3065,214460,384131,56.83,2013
tribal area,NA-45,independent,2662,19698,348,20046,91361,21.94,2002
charsadda,NA-23,pakistan tehreek-e-insaf,59371,169290,6779,176069,417386,42.18,2018
sahiwal,NA-160,pakistan muslim league (n),99553,181987,5042,186361,306875,60.73,2013
peshawar,NA-4,mutahida deeni mahaz,1519,138555,3707,142160,352416,40.34,2013
islamabad,NA-48,independent,33,104409,548,104902,239924,43.72,2008
gujrat,NA-69,independent,213,0,0,0,0,46.6,2018
hyderabad,NA-225,pakistan peoples party parlimentarian,81983,140421,5560,145981,303478,48.1,2018
tribal area,NA-36,independent,5270,22873,390,23263,126007,18.15,2008
tribal area,NA-43,independent,7428,14910,392,15302,119088,12.849,2008
lahore,NA-120,independent,20,151403,2031,153328,295826,51.85,2013
sheikhupura,NA-122,independent,6466,0,0,0,0,57.83,2018
loralaicummusakhelcumbarkhan old loralai,NA-263,pakistan muslim league (n),34985,137762,4405,141854,349596,40.58,2008
tribal area,NA-41,independent,25,26188,844,27032,86598,31.22,2002
khuzdar,NA-269,independent,190,56409,2621,59030,252902,23.34,2002
rawalpindi,NA-61,muttahida majlis-e-amal pakistan,3899,0,0,0,0,51.38,2018
sukkurcumshikarpur,NA-198,pakistan tehreek-e-insaf,8584,126678,4496,131108,254082,52.0,2013
nankana sahibicumsheikhupura old sheikhupura,NA-135,independent,50,161938,6870,168588,285289,59.09,2013
gujrat,NA-68,tehreek-e-labbaik pakistan,43831,0,0,0,0,53.01,2018
bhakkar,NA-98,pakistan tehreek-e-insaf,138307,287382,7705,295087,434072,67.98,2018
lodhran,NA-154,independent,99,226619,9904,235938,370150,67.4,2013
sangharii old sanghar,NA-236,pakistan peoples party parlimentarian,90311,141232,3442,144371,286317,50.0,2008
mansehra,NA-20,pakistan muslim league (q),40853,117395,3379,120774,327352,36.89,2002
bannu,NA-26,muttahidda majlis-e-amal,78886,112496,2108,114604,297451,38.53,2002
lahore,NA-127,independent,1053,93052,1338,94390,279080,33.82,2008
gujrat,NA-107,independent,689,158143,5399,163542,308463,53.02,2002
karach,NA-257,independent,98,195113,2970,196272,371013,52.9,2013
gujrat,NA-104,pakistan muslim league (f),471,200095,6453,206191,374975,54.99,2013
karachi,NA-253,independent,17,152843,2744,156342,398527,39.22,2008
pakpattan,NA-164,pakistan peoples party parlimentarian,26315,113109,4886,117995,201597,58.55,2008
muzaffargarh,NA-186,tehreek-e-labbaik pakistan,9619,0,0,0,0,60.12,2018
matiaricumhyderabad old hyderabad,NA-218,pakistan peoples party parlimentarian,97717,127049,3414,130319,264345,49.29,2008
toba tek singh,NA-92,pakistan national muslim league,36871,216146,8058,218731,354476,60.7,2013
gujrat,NA-70,tehreek-e-labbaik pakistan,21276,0,0,0,0,49.74,2018
lahore,NA-125,allah-o-akbar tehreek,2839,0,0,0,0,0.0,2018
kohistan,NA-23,independent,7915,39592,1012,40604,251512,16.14,2002
tribal area,NA-39,independent,37,49126,381,49463,123335,40.1,2008
sahiwal,NA-160,independent,2981,124168,3699,127082,248573,51.12,2008
sukkur,NA-198,pakistan peoples party parlimentarian,35291,82245,1665,83910,238761,35.1,2002
rawalpindi,NA-50,pakistan tehreek-e-insaf,47210,247047,7316,252679,442458,57.1,2013
karachi,NA-248,nizam-e-mustafa party,54,71494,1100,72594,225479,32.2,2002
swabi,NA-12,muttahidda majlis-e-amal,1462,108846,3041,111398,283709,39.26,2008
mansehra,NA-21,pakistan muslim league,31774,0,0,0,424342,0.0,2008
karak,NA-34,independent,13608,0,0,0,0,49.69,2018
lahore,NA-134,pakistan muslim league (n),76291,141597,2995,144592,270783,53.4,2018
awarancumlasbela,NA-270,pakistan muslim league,50476,92398,4986,97197,247737,39.23,2008
mansehra,NA-21,muttahidda majlis-e-amal,36629,0,0,0,424342,0.0,2008
kasuricumlahore,NA-138,independent,7448,182053,6305,187843,282555,66.5,2013
kasur,NA-139,pakistan tehreek-e-insaf,112893,0,0,0,0,59.99,2018
narowal,NA-78,pakistan muslim league (n),159651,277819,6437,284256,516249,55.06,2018
tribal area,NA-38,mohajir qaumi movement pakistan,0,0,0,0,0,0.0,2013
tribal area,NA-37,independent,1,93968,518,94484,162660,58.09,2013
mianwali,NA-95,pakistan tehreek-e-insaf,163538,244695,8177,252872,465740,54.29,2018
larkana,NA-205,independent,104,90414,2219,92633,272435,34.0,2002
faisalabad,NA-80,pakistan muslim league,56724,138897,3896,142793,260300,54.75,2008
shangla,NA-31,muttahidda majlis-e-amal,25960,60085,1677,61762,225373,27.4,2002
peshawar,NA-2,independent,162,141790,2408,142031,336122,43.45,2013
lower,NA-7,independent,185,0,0,0,0,44.22,2018
mbdin,NA-109,pakistan muslim league,67489,165013,4725,169735,309950,55.0,2008
tribal area,NA-40,independent,396,77113,857,77970,160666,48.52,2013
faisalabad,NA-75,independent,138,198540,3841,198044,321768,61.54,2013
lahore,NA-118,pakistan sunni tehreek,686,166084,3171,169137,334256,50.6,2013
islamabad,NA-48,pakistan brohi party,98,173189,1042,173968,292142,59.55,2013
lodhran,NA-154,pakistan muslim league (q),94651,173115,3687,176802,325493,54.32,2002
nowshera,NA-5,pakistan muslim league (n),4229,94570,2701,97234,263153,37.0,2008
karachi,NA-250,independent,56,101731,2445,104179,344657,30.22,2008
jhelum,NA-63,national alliance,3189,142818,4589,147407,294278,50.09,2002
tribal area,NA-45,pakistan tehreek-e-insaf,9198,69541,1007,69868,175036,39.92,2013
khushab,NA-94,pakistan tehreek-e-insaf,93864,229094,8757,237851,399794,59.49,2018
okara,NA-143,pakistan muslim league (n),142988,246272,5926,252198,433216,58.22,2018
faisalabad,NA-75,independent,216,198540,3841,198044,321768,61.54,2013
lodhran,NA-155,independent,85452,219036,8376,227360,356995,63.69,2013
sargodha,NA-92,pakistan tehreek-e-insaf,65406,0,0,0,0,56.81,2018
rahimyar khan,NA-192,pakistan muslim league (f),40131,155267,4349,159615,400697,39.84,2008
rawalpindi,NA-51,pak wattan party,533,175867,3320,179187,345475,51.87,2002
faisalabad,NA-82,muttahidda majlis-e-amal,120,132853,2239,135080,287186,47.0,2008
karachi,NA-247,independent,57,0,0,0,0,40.27,2018
sheikhupura,NA-131,pakistan muslim league (n),35469,104669,3847,108516,257446,42.15,2002
karachi,NA-241,mohajar qaumi movement pakistan,649,73634,924,74558,201562,37.0,2002
nausheroferoze,NA-212,pakistan peoples party parlimentarian,76470,139613,3172,142785,324754,44.0,2002
karach,NA-245,independent,9,196546,12006,208313,382932,54.28,2013
rawalpindi,NA-52,independent,85,255828,4329,259631,455186,57.04,2013
karachi,NA-240,awami national party,1815,86444,892,87336,222359,39.3,2002
jhelum,NA-67,independent,79,0,0,0,0,51.87,2018
swabi,NA-18,independent,2606,0,0,0,0,43.39,2018
jhangi old na jhang,NA-89,independent,924,168977,4441,171418,290555,59.0,2013
lakki marwat,NA-27,independent,675,169216,5277,174492,330921,53.0,2013
naushahro,NA-212,pakistan peoples party parlimentarian,90266,194091,7976,202067,369531,54.68,2018
sawabi,NA-12,muttahidda majlis-e-amal,53825,86830,2009,88839,236270,37.6,2002
zhob cum killa saifullah,NA-264,muttahidda majlis-e-amal,20381,47703,2879,50582,198124,25.5,2002
okara,NA-143,independent,98,171535,6995,171239,272742,62.78,2013
mardan,NA-20,pakistan tehreek-e-insaf,78140,187360,7075,194435,430538,45.16,2018
rawalpindi,NA-55,all pakistan muslim league,24,177341,2524,179731,324022,55.47,2013
faisalabad,NA-84,pakistan muslim league (n),33455,89310,1571,90881,257162,35.34,2002
sheikhupura,NA-120,tehreek-e-labbaik pakistan,35453,0,0,0,0,59.35,2018
tribal area,NA-46,independent,15,22248,195,22443,94208,23.8,2008
bahawalpur,NA-173,pakistan peoples party parlimentarian,44892,0,0,0,0,56.02,2018
faisalabad,NA-79,independent,94,192563,7322,190941,335868,56.85,2013
karachi,NA-250,muttahida qaumi movement,52045,101731,2445,104179,344657,30.22,2008
islamabad,NA-48,pakistan muslim league (n),52205,173189,1042,173968,292142,59.55,2013
pakpattan,NA-166,pakistan tehreek-e-insaf,482,121210,3259,124469,249043,49.98,2002
abbottabad,NA-16,independent,201,0,0,0,0,49.84,2018
tribal area,NA-38,independent,0,0,0,0,0,0.0,2013
gujrat,NA-71,independent,36899,0,0,0,0,50.87,2018
peshawar,NA-1,independent,313,88325,629,88913,387083,22.97,2008
tando allahyarcummatiari old hyderabad,NA-223,independent,108,130876,4694,135635,276836,48.99,2008
jacobabad,NA-210,national alliance,82810,132036,5331,137367,289394,47.5,2002
multan,NA-148,pakistan peoples party parlimentarian,76606,125248,1767,127015,284014,44.72,2002
gujranwala,NA-101,independent,7169,143821,4897,148718,302628,49.14,2002
rahimyar khan,NA-195,independent,228,102918,1390,144889,335006,43.24,2008
tribal area,NA-47,independent,4131,48139,457,48217,121265,39.76,2013
layyah,NA-181,pakistan muslim league (n),56951,163166,4241,167325,263128,63.59,2008
sialkot,NA-111,pakistan sunni tehreek,547,222298,5508,227587,399981,56.89,2013
karachi,NA-258,independent,967,169235,2572,171807,418663,41.03,2008
bahawalnagar,NA-189,pakistan muslim league (n),95060,178630,6829,185241,309222,59.88,2013
tribal area,NA-46,independent,9,16896,142,0,0,0.0,2013
tribal area,NA-41,independent,8177,30640,600,31240,94077,33.2,2008
abbottabad,NA-16,independent,275,0,0,0,0,49.84,2018
gujranwala,NA-95,pakistan peoples party parlimentarian,44034,107847,2113,109921,328711,33.4,2008
peshawar,NA-1,mutahida deeni mahaz,4827,145924,2103,146044,320578,46.18,2013
lahore,NA-121,muttahidda majlis-e-amal,30326,80232,1686,81918,256605,31.92,2002
lahore,NA-130,independent,538,157391,3960,158657,290930,54.76,2013
lahore,NA-120,independent,58,71987,819,72806,232800,31.27,2002
tando muhammad khancumhyderabadcumbadin old h,NA-222,pakistan peoples party parlimentarian,84041,113490,2200,116451,318867,36.52,2008
rawalpindi,NA-51,pakistan peoples party parlimentarian,80247,206717,3503,211893,390375,54.28,2008
mansehra,NA-14,tehreek-e-labbaik pakistan,6290,0,0,0,0,41.49,2018
mardan,NA-11,awami national party,11506,132539,3970,136212,329285,42.0,2013
bahawalpur,NA-185,pakistan muslim league (q),14396,100602,2683,103285,274790,37.59,2002
lakki marwat,NA-27,muttahidda majlis-e-amal,65938,107109,2078,109187,234619,46.54,2002
bahawalpur,NA-184,independent,1043,134088,1736,135823,321784,42.2,2008
sheikhupura,NA-131,independent,68,123186,1100,124286,221111,56.2,2008
bahawalpur,NA-187,pakistan muslim league (z),308,131164,2432,133596,264580,50.5,2002
tribal,NA-44,independent,1886,0,0,0,0,25.32,2018
tribal area,NA-40,jamiat ulama-e-islam (f),12233,77113,857,77970,160666,48.52,2013
gujranwala,NA-81,independent,87,0,0,0,0,50.58,2018
hyderabad,NA-226,independent,588,0,0,0,0,39.59,2018
peshawar,NA-4,pakistan peoples party parlimentarian,12031,138555,3707,142160,352416,40.34,2013
peshawar,NA-3,national alliance,8838,67357,1955,69312,226299,30.63,2002
karachi,NA-258,muttahidda majlis-e-amal,17630,106656,2233,108889,263393,41.3,2002
rawalpindi,NA-50,pakistan peoples party parlimentarian,45203,247047,7316,252679,442458,57.1,2013
lahore,NA-128,independent,148,122617,2757,125374,275267,45.54,2008
lahore,NA-124,muttahidda majlis-e-amal,23974,76491,1374,77865,255757,30.44,2002
thatta,NA-238,pakistan muslim league,76812,140464,4385,144487,363663,39.73,2008
khanewal,NA-157,independent,761,137567,4676,142140,268515,52.93,2008
sargodha,NA-65,pakistan muslim league,53518,149236,6177,154950,345850,44.8,2008
tribal area,NA-40,independent,4876,77113,857,77970,160666,48.52,2013
sahiwal,NA-160,pakistan muslim league,31119,124168,3699,127082,248573,51.12,2008
tribal area,NA-39,independent,10,47602,231,47833,125687,38.05,2013
swat,NA-30,pakistan tehreek-e-insaf,49976,158098,7228,165325,460748,35.88,2013
lower,NA-6,allah-o-akbar tehreek,818,0,0,0,0,48.9,2018
dera ghazi khan,NA-173,independent,82521,183674,7610,189004,358766,52.68,2013
attock,NA-59,pakistan muslim league,58880,156228,4150,160104,263849,60.68,2008
khushab,NA-70,independent,60754,141809,3075,144884,256511,56.48,2002
tribal area,NA-39,independent,4703,49126,381,49463,123335,40.1,2008
gujrat,NA-107,independent,1014,207167,4385,211081,400622,53.0,2013
rawalpindi,NA-61,independent,1803,0,0,0,0,51.38,2018
lahore,NA-127,independent,51,160108,2401,161700,330154,49.0,2013
tribal,NA-48,independent,973,0,0,0,0,23.32,2018
umerkot old mirpurkhas,NA-228,pakistan peoples party parlimentarian,75080,130986,5958,134389,277564,48.4,2008
mianwali,NA-96,pakistan tehreek-e-insaf,157422,254673,6516,261189,450741,57.95,2018
tribal area,NA-36,independent,25,53017,66,53083,179304,29.92,2013
sargodha,NA-66,pakistan peoples party parlimentarian,69943,145468,3804,149249,408823,37.0,2008
okara,NA-146,independent,0,133915,5686,139493,311975,44.71,2008
swat,NA-3,independent,455,0,0,0,0,40.35,2018
buner,NA-28,all pakistan muslim league,610,123029,5188,126255,360019,35.07,2013
ghotki,NA-200,muttahida qaumi movement,3033,108710,3946,112656,281655,40.0,2002
mardan,NA-22,pakistan muslim league (n),36625,0,0,0,0,51.59,2018
lahore,NA-134,national party,381,0,0,0,0,53.4,2018
badin,NA-229,grand democratic alliance,81828,0,0,0,0,52.96,2018
battagram,NA-12,pakistan muslim league,937,0,0,0,0,35.5,2018
gujranwala,NA-101,independent,590,198457,6397,203681,352057,57.85,2013
chakwal,NA-60,pakistan peoples party parlimentarian,24546,242256,4890,247077,433391,57.0,2008
faisalabad,NA-84,pakistan muslim league (n),59616,112068,1805,113223,249391,45.4,2008
faisalabad,NA-75,independent,999,198540,3841,198044,321768,61.54,2013
khanewal,NA-152,pakistan tehreek-e-insaf,108707,231252,3983,235235,401277,58.62,2018
nankana sahibii cumsheikhupura old sheikhupura,NA-136,pakistan tehreek-e-insaf,33408,168173,6739,174787,285503,61.22,2013
karachi,NA-257,muttahida qaumi movement,45480,105413,1630,107043,256535,41.7,2002
kohat,NA-14,pakistan peoples party parlimentarian,8421,98618,3029,101567,357556,28.41,2008
jacobabad old jacobabad,NA-208,independent,46,111131,6489,111173,257664,43.14,2013
mansehra,NA-14,independent,972,0,0,0,0,41.49,2018
nawabshah,NA-213,independent,93,162196,4807,166725,350280,47.59,2008
kamber,NA-202,independent,1282,0,0,0,0,42.73,2018
islamabad,NA-48,independent,24,87601,626,88227,187426,47.07,2002
sheikhupuraii old sheikhupura,NA-133,pakistan muslim league,28005,97934,3959,101893,222833,45.73,2008
gujrat,NA-105,independent,47,199918,4492,203864,394060,51.73,2013
okara,NA-147,pakistan peoples party parlimentarian,79195,95961,0,96809,322087,30.06,2008
tribal area,NA-38,independent,0,0,0,0,0,0.0,2013
karachi,NA-244,pakistan tehreek-e-insaf,69475,167995,2716,170711,407363,41.91,2018
tribal area,NA-40,independent,1855,34638,591,35254,126453,27.87,2008
mardan,NA-9,muttahidda majlis-e-amal,54479,77668,1722,79390,221113,35.9,2002
hangu,NA-33,pakistan peoples party parlimentarian,3639,0,0,0,0,28.47,2018
islamabad,NA-48,independent,691,104409,548,104902,239924,43.72,2008
lahore,NA-130,independent,541,0,0,0,0,52.99,2018
gujrat,NA-107,independent,257,207167,4385,211081,400622,53.0,2013
muzaffargarh,NA-176,muttahidda majlis-e-amal,11557,130270,4202,134472,259766,51.77,2002
gujranwala,NA-80,pakistan tehreek-e-insaf,71937,0,0,0,0,53.36,2018
khairpur,NA-217,independent,657,132957,4947,138606,341935,40.53,2008
faisalabad,NA-101,muttahida majlis-e-amal pakistan,325,0,0,0,0,58.19,2018
rawalpindi,NA-61,all pakistan muslim league,252,0,0,0,0,51.38,2018
sargodha,NA-90,independent,1627,0,0,0,0,52.97,2018
naushero feroze,NA-211,national peoples party,109319,164572,3312,168176,381020,44.138,2008
vehari,NA-167,pakistan muslim league (q),76217,139552,4293,143845,305556,47.08,2002
muzaffargarh,NA-179,independent,272,146490,2728,148411,264185,56.0,2008
sheikhupuraii old sheikhupura,NA-133,pakistan muslim league (n),44786,97934,3959,101893,222833,45.73,2008
lahore,NA-123,pakistan muslim league (n),30372,66805,1046,67851,262987,25.8,2002
dera,NA-39,independent,785,0,0,0,0,3.44,2018
faisalabad,NA-76,pakistan peoples party parlimentarian,43294,139108,4543,143616,255928,56.11,2008
gujranwala,NA-98,jamaat-e-islami pakistan,12795,201776,6170,206591,363205,56.88,2013
mardan,NA-11,jannat pakistan party,352,132539,3970,136212,329285,42.0,2013
faisalabad,NA-75,pakistan muslim league (q),55464,131722,3243,134965,297842,45.31,2002
peshawar,NA-3,independent,743,173647,5276,177823,384086,46.3,2013
sheikhupura,NA-133,muttahidda majlis-e-amal,14355,87582,3795,91377,230454,39.65,2002
tribal,NA-50,independent,184,0,0,0,0,33.0,2018
kasur,NA-139,independent,1558,182988,5734,188869,301506,62.0,2013
khuzdar,NA-269,balochistan national party,52875,113650,10505,124165,228547,54.32,2018
mandi bahauddin,NA-109,independent,2557,210501,6445,212922,384637,55.36,2013
sheikhupura,NA-133,independent,789,87582,3795,91377,230454,39.65,2002
muzaffargarh,NA-179,pakistan muslim league (q),63778,139859,3011,142870,259395,55.08,2002
tribal area,NA-38,independent,6619,16046,304,16350,95484,17.12,2002
lahore,NA-127,pakistan muslim league (q),20545,78316,1552,79868,237065,33.69,2002
killa abdullah,NA-262,muttahidda majlis-e-amal,45590,136235,1492,135268,392221,34.48,2008
faisalabad,NA-76,pakistan muslim league,41068,139108,4543,143616,255928,56.11,2008
mianwal,NA-72,istehkaam-e-pakistan movement party,163,230577,8483,237444,371374,63.69,2013
dera ghazi khan,NA-172,independent,684,158239,5608,163652,345974,47.3,2013
dikhancomtank,NA-25,muttahidda majlis-e-amal,44673,132830,4613,137443,320178,43.0,2008
lahore,NA-121,independent,131,80232,1686,81918,256605,31.92,2002
lodhran,NA-155,pakistan muslim league (q),103209,173468,3532,177000,328640,53.86,2002
naushahro,NA-211,independent,195,0,0,0,0,55.49,2018
multan,NA-155,independent,1796,0,0,0,0,49.27,2018
rawalpindi,NA-52,pakistan muslim league,22773,79175,0,79175,375934,21.06,2008
peshawar,NA-2,muttahidda majlis-e-amal,37728,56000,1367,57367,216587,26.49,2002
pishincumziarat,NA-261,pakistan muslim league (n),999,132402,3911,134430,248179,54.17,2013
faisalabad,NA-85,pakistan islami justice party,54,197858,2496,200354,331974,60.35,2013
nawabshah,NA-214,independent,679,110802,2754,113556,305810,37.1,2002
muzaffargarh,NA-178,independent,5186,120939,1222,122161,283523,43.08,2008
khanewal,NA-156,independent,1951,150940,3048,153988,291062,52.91,2002
mardan,NA-11,independent,707,132539,3970,136212,329285,42.0,2013
sheikhupura,NA-121,independent,29301,0,0,0,0,56.16,2018
charsadda,NA-7,independent,574,169170,5113,173869,376144,46.22,2013
rawalpindi,NA-54,pakistan tehreek-e-insaf,68687,165049,1801,166523,300816,55.36,2013
sukkur cum shikarpur,NA-199,pakistan peoples party parlimentarian,93394,128454,2545,130989,269546,48.59,2008
peshawar,NA-3,independent,6449,173647,5276,177823,384086,46.3,2013
sialkot,NA-76,pakistan muslim league (n),133664,264954,6025,270979,469826,57.68,2018
kasur,NA-141,pakistan muslim league (n),58807,126876,4918,131788,251254,52.45,2008
peshawar,NA-3,qaumi watan party,2157,173647,5276,177823,384086,46.3,2013
tribal,NA-40,pakistan peoples party parlimentarian,12906,0,0,0,0,40.9,2018
tribal area,NA-44,pakistan muslim league,756,58959,1502,60000,185040,32.43,2013
hyderabad,NA-225,pakistan tehreek-e-insaf,50968,0,0,0,0,48.1,2018
tribal area,NA-37,independent,5653,41321,711,42032,138559,30.34,2002
bahawalpur,NA-184,independent,6734,134088,1736,135823,321784,42.2,2008
tribal,NA-49,pakistan muslim league (n),54,0,0,0,0,20.71,2018
bahawalpur,NA-183,independent,30482,110671,3545,114216,271891,42.01,2002
lahore,NA-125,mutahida deeni mahaz,258,222161,4199,217762,429485,51.9,2013
hyderabad,NA-218,pakistan peoples party parlimentarian,102059,112119,1105,113224,276462,41.0,2002
nankana,NA-118,pakistan peoples party parlimentarian,18726,0,0,0,0,58.64,2018
sargodha,NA-92,pakistan muslim league (n),97013,254312,9061,263373,463591,56.81,2018
khairpur,NA-216,independent,1010,178296,4623,182708,378628,48.25,2008
jhelum,NA-62,pakistan muslim league (n),92479,180242,6134,186272,370090,50.33,2008
peshawar,NA-4,qaumi watan party,759,138555,3707,142160,352416,40.34,2013
dera ghazi khan,NA-173,pakistan muslim league (n),56475,134657,5384,140021,334228,41.89,2008
sujawal,NA-231,pakistan peoples party parlimentarian,129980,152824,7285,160109,348864,45.89,2018
karachi,NA-240,independent,90,86444,892,87336,222359,39.3,2002
hafizabad,NA-87,independent,5576,0,0,0,0,59.13,2018
larkanacumkamber shahdadkot old larkana,NA-205,pakistan peoples party (shaheed bhutto),619,120271,9132,129376,252714,51.19,2013
mirpurkhas,NA-227,pakistan peoples party parlimentarian,56627,106907,3331,110238,259929,42.4,2002
lahore,NA-126,independent,42,196155,1916,196045,359492,55.0,2013
tribal area,NA-44,independent,6257,23221,847,24062,136052,17.69,2008
lahore,NA-131,pakistan muslim league (n),83633,0,0,0,0,52.59,2018
bahawalnagar,NA-189,pakistan peoples party parlimentarian,49678,129080,4110,133186,323939,41.11,2008
gujranwala,NA-83,pakistan peoples party parlimentarian,3161,0,0,0,0,55.07,2018
rawalpindi,NA-55,independent,40649,96659,2174,98833,254943,38.77,2002
tribal area,NA-42,independent,0,0,0,0,129961,0.0,2008
khanewal,NA-158,muttahida qaumi movement,441,201234,4728,205058,323568,61.77,2013
tribal,NA-48,independent,256,0,0,0,0,23.32,2018
jamshoroold dadu,NA-231,pakistan peoples party (shaheed bhutto),910,202331,7694,207650,369425,56.21,2013
nausheroferoze,NA-212,independent,26,139613,3172,142785,324754,44.0,2002
vehar,NA-170,independent,352,197980,5763,203104,319983,63.47,2013
multan,NA-151,independent,139,126275,1502,127777,351092,38.85,2008
karak,NA-15,pakistan peoples party parlimentarian,17712,95644,1780,97424,251508,38.74,2002
lakki,NA-36,pakistan muslim league (n),448,0,0,0,0,50.06,2018
shikarpur,NA-203,pakistan peoples party parlimentarian,26084,88121,1535,89656,227629,39.4,2002
bannu,NA-35,jamiat ulama-e-islam pakistan (s),1624,0,0,0,0,42.55,2018
gujranwala,NA-98,muttahida qaumi movement,497,201776,6170,206591,363205,56.88,2013
bahawalnagar,NA-189,pakistan peoples party parlimentarian,59082,122412,3683,126095,271965,46.36,2002
narowal,NA-117,pakistan awami tehreek,1027,101082,3746,104828,226808,46.22,2002
kasur,NA-140,muttahida majlis-e-amal pakistan,1955,0,0,0,0,60.65,2018
chitral,NA-1,pakistan tehreek-e-insaf,38481,0,0,0,0,60.97,2018
tribal,NA-47,independent,51,0,0,0,0,32.87,2018
faisalabad,NA-77,pakistan muslim league,63776,138490,3316,141680,240482,58.91,2008
karak,NA-34,pakistan tehreek-e-insaf,77181,194588,6387,200975,404458,49.69,2018
faisalabad,NA-80,awami justice party pakistan,246,198111,7743,205706,343277,59.92,2013
kohistan,NA-11,muttahida majlis-e-amal pakistan,15859,61700,1529,63229,154620,40.89,2018
pakpattan,NA-165,pakistan muslim league,36603,119903,4682,124209,227991,54.48,2008
tribal area,NA-44,independent,2348,23221,847,24062,136052,17.69,2008
chiniot,NA-100,independent,3723,0,0,0,0,61.68,2018
lahore,NA-125,independent,29,222161,4199,217762,429485,51.9,2013
mandi bahauddin,NA-108,pakistan peoples party parlimentarian,60424,173596,5352,178948,363575,49.22,2002
lahore,NA-122,pakistan awami tehreek,613,92009,1248,93257,279245,33.4,2002
tando allahyarcummatiari old hyderabad,NA-223,pakistan peoples party parlimentarian,84669,130876,4694,135635,276836,48.99,2008
nawabshah,NA-214,independent,999,110802,2754,113556,305810,37.1,2002
gujranwala,NA-101,pakistan muslim league,13886,198457,6397,203681,352057,57.85,2013
sheikhupuracumnankana sahibii old sheikhupura,NA-134,independent,450,104982,2804,107786,208782,51.66,2008
karachi,NA-250,pakistan tehreek-e-insaf,3176,68283,952,69235,205400,33.7,2002
jhang,NA-88,pakistan muslim league,72162,160934,8524,169458,372743,45.46,2008
rawalpindi,NA-50,pakistan sunni tehreek,997,247047,7316,252679,442458,57.1,2013
muzaffargarh,NA-177,pakistan muslim league (n),5721,141471,5633,147102,257818,57.05,2008
kachhi,NA-267,muttahidda majlis-e-amal,3904,78230,1784,80014,230836,34.7,2002
gujranwala,NA-97,independent,103,167431,4228,171510,328632,52.18,2013
mansehra,NA-13,tehreek-e-labbaik pakistan,4731,0,0,0,0,59.66,2018
islamabad,NA-48,jamhoori wattan party,169,104409,548,104902,239924,43.72,2008
hyderabad,NA-219,pakistan muslim league (n),1434,72032,506,72538,236225,30.7,2002
bahawalnagar,NA-190,pakistan peoples party parlimentarian,8683,192221,6347,198568,324085,61.27,2013
mansehra,NA-20,pakistan muslim league �h� haqiqi,472,221152,8452,226592,415191,54.6,2013
faisalabad,NA-79,awami justice party pakistan,346,192563,7322,190941,335868,56.85,2013
sukkurcumshikarpur,NA-199,awami muslim league pakistan,113,151680,5124,156814,273483,57.35,2013
tribal area,NA-40,independent,322,28600,289,28889,96448,29.95,2002
islamabad,NA-48,independent,7,173189,1042,173968,292142,59.55,2013
tribal area,NA-45,independent,13,34966,513,35612,101272,35.16,2008
lower,NA-6,pakistan peoples party parlimentarian,27774,0,0,0,0,48.9,2018
tribal area,NA-39,independent,18,47602,231,47833,125687,38.05,2013
tribal area,NA-43,pakistan peoples party parlimentarian,697,42901,1378,44051,168514,26.14,2013
bhakkar,NA-97,independent,120729,277996,10663,288659,437585,65.97,2018
naushahro,NA-211,independent,344,0,0,0,0,55.49,2018
rawalpindi,NA-51,jamaat-e-islami pakistan,3121,239527,5815,245342,452466,54.22,2013
quetta,NA-259,muttahidda majlis-e-amal,22111,73810,1691,75501,310948,24.3,2002
loralai,NA-263,pakistan muslim league (n),21385,78657,3087,81744,272509,30.0,2002
toba tek singh,NA-93,independent,2110,221817,5795,227220,352845,64.4,2013
karachi,NA-251,independent,35,77719,119,77838,210491,37.0,2002
rawalpindi,NA-63,pakistan tehreek-e-insaf,100986,211826,3843,215669,370967,58.14,2018
lower,NA-7,pakistan tehreek-e-insaf,63017,141723,4455,146178,330592,44.22,2018
dera ghazi khan,NA-171,independent,557,162634,7114,169748,381343,44.42,2008
tribal area,NA-40,independent,395,28600,289,28889,96448,29.95,2002
rahimyar,NA-177,pakistan tehreek-e-insaf,100768,216718,7118,223836,409141,54.71,2018
karachi,NA-258,independent,45,169235,2572,171807,418663,41.03,2008
sheikhupuracumnankana sahibi old sheikhupura,NA-132,independent,51,108107,5112,113219,229477,49.34,2008
kohistan,NA-23,pakistan peoples party parlimentarian,13412,53086,3386,56472,317734,16.7,2008
peshawar,NA-31,pakistan tehreek-e-insaf,87895,160984,3696,154680,390211,42.2,2018
bahawalpur,NA-170,independent,116,0,0,0,0,52.29,2018
gujranwala,NA-83,pakistan tehreek-e-insaf,75940,0,0,0,0,55.07,2018
karachi,NA-246,independent,278,0,0,0,0,38.49,2018
lahore,NA-122,independent,44,182104,2175,184151,326028,58.48,2013
sargodha,NA-68,mutahida deeni mahaz,6591,223031,7280,223784,373233,59.96,2013
lahore,NA-125,pakistan muslim league (n),70752,110246,1471,111707,311540,35.86,2008
swat,NA-2,pakistan tehreek-e-insaf,61687,157060,8721,165781,382974,43.29,2018
tribal area,NA-42,independent,18,12649,208,12507,108056,11.57,2013
swab,NA-13,jamiat ulama-e-islam (f),28672,155745,4191,159276,362779,43.9,2013
multan,NA-149,pakistan peoples party parlimentarian,24531,65545,1605,126603,427253,29.63,2008
narowal,NA-78,independent,1073,0,0,0,0,55.06,2018
kasur,NA-139,independent,40352,0,0,0,0,59.99,2018
jhelum,NA-62,pakistan muslim league (n),51618,148053,2828,150881,290079,52.01,2002
lahore,NA-126,independent,28,119684,1156,119748,360304,33.2,2008
dadui old dadu,NA-232,pakistan peoples party parlimentarian,87467,122176,3234,125414,389936,32.0,2008
jhang,NA-115,pakistan tehreek-e-insaf,91434,253931,8895,262826,457988,57.39,2018
sukkur,NA-199,pakistan peoples party parlimentarian,51694,108113,3008,111121,286117,38.8,2002
vehari,NA-169,independent,45828,150635,4133,154632,320861,48.24,2008
muzaffargarh,NA-183,independent,476,0,0,0,0,63.22,2018
swat,NA-2,pakistan peoples party parlimentarian,16018,0,0,0,0,43.29,2018
gujranwala,NA-95,independent,27,166280,2961,169135,318739,53.06,2013
faisalabad,NA-84,independent,52,180364,4509,184873,308900,59.84,2013
gujranwala,NA-95,pakistan muslim league (q),6702,81099,2212,83311,247002,33.73,2002
karachi,NA-255,independent,66,190638,1451,192088,331927,57.8,2008
larkanacumshikharpurcumkamber shahdadkot old larkana,NA-207,independent,261,144959,8444,153393,282819,54.24,2013
sialkot,NA-74,pakistan muslim league (n),97235,254678,8928,263807,475866,55.4,2018
chakwal,NA-61,muttahida qaumi movement,75,275247,9752,272744,443677,61.0,2013
faisalabad,NA-78,pakistan peoples party parlimentarian,79127,141598,5383,146981,273193,53.8,2008
bahawalpur,NA-173,pakistan muslim league (n),86142,210049,8413,218462,389937,56.02,2018
tribal area,NA-36,independent,1826,22873,390,23263,126007,18.15,2008
faisalabad,NA-82,independent,819,200368,2805,203173,343634,59.12,2013
hyderabad,NA-218,muttahida qaumi movement,3615,112119,1105,113224,276462,41.0,2002
sheikhupura,NA-133,independent,15717,156671,4490,161095,291283,55.31,2013
lakki marwat,NA-27,pakistan muslim league,61303,123547,3874,126515,266658,47.44,2008
gujranwala,NA-98,muttahidda majlis-e-amal,17800,131614,5079,136693,285993,47.8,2002
sanghar,NA-236,pakistan peoples party parlimentarian,56628,132706,1045,133751,290977,46.0,2002
rawalpindi,NA-56,islamic republican party,93,160363,1479,161627,288423,56.04,2013
nankana,NA-117,tehreek-e-labbaik pakistan,19564,0,0,0,0,58.4,2018
badincumtando muhammad khani old badin,NA-224,pakistan peoples party parlimentarian,87102,130012,8728,138742,331871,41.8,2008
ghotki,NA-200,pakistan peoples party parlimentarian,68296,108710,3946,112656,281655,40.0,2002
bhakkar,NA-74,pakistan muslim league (n),71607,176340,3539,179879,290180,61.99,2002
sheikhupura,NA-133,pakistan tehreek-e-insaf,469,87582,3795,91377,230454,39.65,2002
tank,NA-37,pakistan muslim league (n),430,0,0,0,0,43.7,2018
mardan,NA-22,pakistan muslim league (n),36625,0,0,0,0,51.59,2018
mianwali,NA-71,pakistan tehreek-e-insaf,66737,138050,6018,144068,307223,46.89,2002
jhang,NA-87,pakistan muslim league (q),55851,126190,3858,130048,261341,49.76,2002
tribal,NA-45,independent,45,0,0,0,0,35.01,2018
shangla,NA-31,independent,531,60085,1677,61762,225373,27.4,2002
tribal area,NA-45,independent,13,34966,513,35612,101272,35.16,2008
karachi,NA-250,tehrik-e-istaqlal,144,68283,952,69235,205400,33.7,2002
lahore,NA-119,jamiat ulama-e-pakistan (noorani),113,153892,1818,155655,305570,50.93,2013
tribal area,NA-37,independent,5,87090,206,87296,141190,61.82,2008
rajanpur,NA-174,pakistan muslim league,50440,130455,5374,135621,292419,46.37,2008
nowshera,NA-6,awami national party,20316,136313,5025,140891,299273,47.08,2013
gujranwala,NA-100,pakistan peoples party parlimentarian,71112,142896,1320,144216,329285,43.79,2008
faisalabad,NA-104,tehreek-e-labbaik islam,3043,0,0,0,0,55.88,2018
lower,NA-7,pakistan muslim league (n),1256,0,0,0,0,44.22,2018
karak,NA-15,independent,211,159615,4284,162657,314969,51.64,2013
haripur,NA-19,pakistan muslim league (q),81496,199787,6277,206064,453508,45.44,2002
peshawar,NA-1,awami himayat tehreek pakistan,247,88325,629,88913,387083,22.97,2008
rawalpindi,NA-58,tehreek-e-labbaik islam,2468,0,0,0,0,53.82,2018
rahimyar khan,NA-194,pakistan muslim league (q),70116,135758,3147,138905,300057,46.29,2002
mandi bahauddin,NA-108,independent,267,239629,5996,245260,430517,57.6,2013
sahiwal,NA-162,independent,420,165517,4182,169699,294702,57.58,2008
chakwal,NA-61,jamiat ulama-e-islam (f),581,275247,9752,272744,443677,61.0,2013
rahimyar,NA-177,independent,4097,0,0,0,0,54.71,2018
lahore,NA-123,independent,2,0,0,0,288994,0.0,2008
jacobabadcumkashmoreold jacobabad,NA-209,independent,277,105273,5924,111190,238513,46.62,2013
kech,NA-271,balochistan awami party,32866,85305,2605,87955,222631,39.51,2018
kasur,NA-142,pakistan peoples party parlimentarian,24714,119693,4159,123849,225459,54.93,2008
attock,NA-58,pakistan tehreek-e-insaf,74526,220811,7137,226165,359058,83.09,2013
sheikhupura,NA-131,pakistan muslim league,2587,123186,1100,124286,221111,56.2,2008
vehar,NA-168,independent,512,187849,5934,187727,312836,61.91,2013
gujranwala,NA-98,independent,23,145988,4793,150781,368599,40.96,2008
jhang  cumchiniot old na jhang,NA-88,pakistan muslim league (j),623,172084,7309,179393,277976,64.54,2013
gujrat,NA-69,independent,151,0,0,0,0,46.6,2018
sialkot,NA-112,independent,190,203942,5343,208165,363004,57.34,2013
tribal,NA-48,independent,151,0,0,0,0,23.32,2018
peshawar,NA-1,independent,182,145924,2103,146044,320578,46.18,2013
lahore,NA-129,punjab national party,556,93717,2437,96154,200935,48.0,2008
abbottabad,NA-15,pakistan muslim league (n),95340,234157,7712,241869,478336,50.56,2018
chitral,NA-32,pakistan peoples party parlimentarian,18516,86368,3208,89449,197022,45.4,2008
ghotki,NA-200,pakistan peoples party parlimentarian,59022,142454,7101,149555,296064,50.51,2008
nawabshah,NA-214,independent,91,174243,7480,181370,293868,61.72,2013
pakpattan,NA-166,independent,228,189344,7151,195901,292076,67.07,2013
sahiwal,NA-163,pakistan muslim league (n),89126,174115,4082,177676,276191,64.33,2013
loralai,NA-258,pak sarzameen party,949,0,0,0,0,52.68,2018
ghotki,NA-200,independent,16,142454,7101,149555,296064,50.51,2008
gujranwala,NA-101,pakistan muslim league (n),71792,161010,4892,165545,377640,43.83,2008
tribal area,NA-44,independent,177,58959,1502,60000,185040,32.43,2013
multan,NA-155,independent,1230,0,0,0,0,49.27,2018
peshawar,NA-1,muttahida qaumi movement,151,88325,629,88913,387083,22.97,2008
jhelum,NA-67,independent,79,0,0,0,0,51.87,2018
hangu,NA-16,pakistan tehreek-e-insaf,3137,44976,1249,46225,160984,28.71,2002
pishincumziarat,NA-261,pakistan muslim league,23350,81820,3191,85306,297591,28.66,2008
tribal area,NA-45,independent,18,34966,513,35612,101272,35.16,2008
quettacumchagaicumnushkicummastung,NA-260,awami muslim league pakistan,93,169393,7032,176268,429794,41.01,2013
karachi,NA-258,independent,68,106656,2233,108889,263393,41.3,2002
sargodha,NA-88,pakistan muslim league (n),129615,275884,7739,283623,496664,57.11,2018
islamabad,NA-49,muttahida qaumi movement,171,214364,1406,216008,334241,64.36,2013
faisalabad,NA-104,independent,382,0,0,0,0,55.88,2018
lahore,NA-125,muttahida qaumi movement,154,222161,4199,217762,429485,51.9,2013
khanewal,NA-158,pakistan awami tehreek,1437,150064,3184,153248,290329,52.78,2002
sheikhupuraiicumnankana sahib old  sheikhupura,NA-132,independent,17,160238,5378,165569,291232,56.85,2013
gujranwala,NA-83,independent,1191,0,0,0,0,55.07,2018
sialkot,NA-114,independent,700,212753,5275,217635,381496,57.05,2013
karachi,NA-258,pakistan peoples party parlimentarian,38225,106656,2233,108889,263393,41.3,2002
islamabad,NA-49,independent,903,214364,1406,216008,334241,64.36,2013
karachi,NA-243,muttahida qaumi movement,167764,192133,1731,193864,333290,58.16,2008
dera ghazi khan,NA-171,pakistan muslim league (n),35124,162634,7114,169748,381343,44.42,2008
lahore,NA-127,tehreek-e-labbaik pakistan,23140,0,0,0,0,50.75,2018
sanghar,NA-216,independent,267,0,0,0,0,57.62,2018
jhang,NA-89,independent,523,125421,5028,129838,312773,41.51,2008
tribal,NA-45,independent,467,0,0,0,0,35.01,2018
kasur,NA-140,independent,47295,133167,2350,130004,230446,56.41,2008
rajanpur,NA-174,muttahidda majlis-e-amal,10864,117027,3609,120636,305453,39.49,2002
dera ghazi khan,NA-172,independent,124,120002,3212,123214,397159,31.02,2008
hafizabad,NA-87,pakistan tehreek-e-insaf,165618,395158,9565,404723,684447,59.13,2018
gujrat,NA-107,pakistan muslim league (n),104382,183291,2019,185310,402898,45.99,2008
lahore,NA-125,independent,29,222161,4199,217762,429485,51.9,2013
swat,NA-4,allah-o-akbar tehreek,904,0,0,0,0,39.22,2018
karachi,NA-243,pakistan muslim league (n),1862,192133,1731,193864,333290,58.16,2008
jhang  cumchiniot old na jhang,NA-88,independent,199,172084,7309,179393,277976,64.54,2013
sheikhupura,NA-122,independent,251,0,0,0,0,57.83,2018
nankana,NA-118,pakistan tehreek-e-insaf,63818,208702,9257,217959,371715,58.64,2018
lahore,NA-131,pakistan justice & democratic party,141,0,0,0,0,52.59,2018
sialkot,NA-114,pakistan muslim league (q),73529,157229,5797,163026,342003,47.67,2002
rawalpindi,NA-51,jamiat ulama-e-pakistan (noorani),995,239527,5815,245342,452466,54.22,2013
bhakkar,NA-98,tehreek-e-labbaik pakistan,6613,0,0,0,0,67.98,2018
islamabad,NA-49,christian progressive movement,41,214364,1406,216008,334241,64.36,2013
mansehra,NA-20,pakistan muslim league (n),72526,155114,3669,158783,437390,36.02,2008
multan,NA-148,independent,15,138099,0,150402,344896,43.6,2008
sialkot,NA-112,independent,965,203942,5343,208165,363004,57.34,2013
dadu,NA-232,muttahida qaumi movement,1249,100873,2628,103501,277302,37.3,2002
muzaffargarh,NA-179,pakistan peoples party parlimentarian,38589,139859,3011,142870,259395,55.08,2002
thatta,NA-237,pakistan peoples party parlimentarian,85138,141633,5916,148754,431030,34.51,2008
sargodha,NA-67,pakistan muslim league,83594,170981,3496,174471,372351,46.85,2008
pishincumziarat,NA-261,muttahidda majlis-e-amal,30611,81820,3191,85306,297591,28.66,2008
multan,NA-148,pakistan peoples party parlimentarian,93106,138099,0,150402,344896,43.6,2008
hyderabad,NA-226,muttahida qaumi movement,46646,145709,2374,148083,374082,39.59,2018
sargodha,NA-66,muttahidda majlis-e-amal,38952,123223,3359,126582,282701,44.78,2002
nausheroferoze,NA-211,independent,255,129232,2610,131842,329798,40.0,2002
sialkot,NA-114,millat party,0,212753,5275,217635,381496,57.05,2013
mardan,NA-9,independent,1417,77668,1722,79390,221113,35.9,2002
sialkot,NA-113,pakistan muslim league (q),50592,141439,5323,146762,344117,42.65,2002
rahimyar khan,NA-196,muttahida qaumi movement,544,140670,4552,145143,352887,41.01,2008
naushero feroze,NA-212,muttahida qaumi movement,136,158163,3930,162084,376544,43.04,2008
narowal,NA-117,pakistan muslim league (q),49367,101082,3746,104828,226808,46.22,2002
abbottabad,NA-17,pakistan muslim league (n),58041,134391,2681,134211,314337,42.72,2008
jhelum,NA-63,jamiat ulama-e-islam (f),242,203481,5273,208229,386957,53.87,2013
toba tek singh,NA-92,pakistan muslim league (n),91903,216146,8058,218731,354476,60.7,2013
chitral,NA-1,muttahida majlis-e-amal pakistan,48616,158925,5430,164355,269579,60.97,2018
sargodha,NA-91,allah-o-akbar tehreek,11397,0,0,0,0,59.45,2018
tribal area,NA-40,independent,1265,34638,591,35254,126453,27.87,2008
muzaffargarh,NA-178,muttahidda majlis-e-amal,2339,123451,3856,127307,273899,46.48,2002
dera ismail khan cum tank,NA-25,pakistan muslim league (q),18882,117651,3622,121273,271364,44.69,2002
mandi bahauddin,NA-109,independent,96,210501,6445,212922,384637,55.36,2013
rajanpur,NA-174,pakistan muslim league (n),32920,117027,3609,120636,305453,39.49,2002
faisalabad,NA-78,national alliance,1117,136169,5110,141279,311445,45.36,2002
vehar,NA-169,independent,952,199613,4638,203822,321145,63.46,2013
larkana,NA-205,independent,41,90414,2219,92633,272435,34.0,2002
lahore,NA-123,independent,2,0,0,0,288994,0.0,2008
nowshera,NA-26,pakistan peoples party parlimentarian,9739,0,0,0,0,49.87,2018
sargodha,NA-65,independent,10395,189710,6947,201449,323341,62.3,2013
gujranwala,NA-98,pakistan muhajir league,134,201776,6170,206591,363205,56.88,2013
sahiwal,NA-160,independent,758,110701,2819,113520,263042,43.16,2002
faisalabad,NA-79,pakistan tehreek-e-insaf,22420,192563,7322,190941,335868,56.85,2013
khairpur,NA-215,muttahidda majlis-e-amal,4045,140602,3127,143724,362823,39.16,2008
faisalabad,NA-109,tehreek-e-labbaik islam,781,0,0,0,0,58.05,2018
okara,NA-141,pakistan muslim league (n),92841,262877,9418,272295,452061,60.23,2018
multan,NA-149,pakistan muslim league (n),37143,65545,1605,126603,427253,29.63,2008
kasur,NA-140,independent,71,182127,5715,185869,291601,63.74,2013
badin,NA-225,pakistan muslim league (q),33400,109457,2618,112075,297293,37.7,2002
nankana sahibcum sheikhupura old sheikhupura,NA-136,pakistan muslim league (n),49681,116174,4634,120546,219843,54.83,2008
lahore,NA-118,jamiat ulama-e-pakistan (noorani),88,166084,3171,169137,334256,50.6,2013
tharparkar,NA-229,independent,19,164597,3972,166922,256685,65.03,2008
peshawar,NA-2,independent,174,76293,2003,77892,314904,24.73,2008
khanewal,NA-159,independent,462,199187,5463,202868,320985,63.2,2013
dera ghazi khan,NA-173,independent,45355,110619,2586,113205,282633,40.05,2002
jacobabadcumkashmore old jacobabad,NA-209,muttahidda majlis-e-amal,12041,131698,2057,133553,283779,47.06,2008
mirpurkhas,NA-227,pakistan peoples party parlimentarian,56627,106907,3331,110238,259929,42.4,2002
peshawar,NA-27,pakistan tehreek-e-insaf,71158,149161,5437,154598,337329,45.83,2018
charsadda,NA-7,pakistan peoples party parlimentarian,6856,169170,5113,173869,376144,46.22,2013
peshawar,NA-1,independent,61,145924,2103,146044,320578,46.18,2013
faisalabad,NA-105,independent,243,0,0,0,0,56.84,2018
sargodha,NA-64,pakistan peoples party parlimentarian,67212,238820,9045,251242,415491,60.48,2013
bahawalnagar,NA-168,pakistan muslim league (n),124218,227221,4212,231433,402412,56.51,2018
narowal,NA-78,independent,549,0,0,0,0,55.06,2018
tribal area,NA-36,independent,60,22873,390,23263,126007,18.15,2008
karachi,NA-255,independent,70,0,0,0,0,37.91,2018
kalat cum mastung,NA-268,muttahidda majlis-e-amal,21559,50466,1626,52092,219071,23.78,2002
rawalpindi,NA-55,independent,92,177341,2524,179731,324022,55.47,2013
jhangiiiold na jhang,NA-91,independent,91301,183806,6247,189251,279042,67.82,2013
okara,NA-143,pakistan peoples party parlimentarian,2518,0,0,0,0,58.22,2018
lahore,NA-129,independent,74,93717,2437,96154,200935,48.0,2008
gujranwala,NA-96,national alliance,299,89548,2145,91693,248268,36.93,2002
rahimyar khan,NA-196,independent,646,114817,2878,117695,256278,45.92,2002
kalatcummastung,NA-268,jamhoori wattan party,95,61826,2197,63971,183932,34.78,2013
kohat,NA-14,qaumi watan party,414,170165,5600,174912,409775,42.68,2013
peshawar,NA-2,awami national party,12137,141790,2408,142031,336122,43.45,2013
shikarpurcumsukkurcumlarkana old shikarpur,NA-203,independent,53,129376,3474,124976,241456,51.95,2008
swabi,NA-18,independent,5923,0,0,0,0,43.39,2018
faisalabad,NA-108,pakistan tehreek-e-insaf,112740,242582,5177,247759,434583,57.01,2018
faisalabad,NA-104,pakistan muslim league (n),95099,267809,8116,275925,493818,55.88,2018
tribal,NA-44,independent,31,0,0,0,0,25.32,2018
faisalabad,NA-76,pakistan muslim league (n),101797,185170,6346,191686,329266,58.21,2013
tribal area,NA-42,independent,0,0,0,0,129961,0.0,2008
sawat,NA-29,muttahidda majlis-e-amal,65808,97986,2465,100451,314521,31.94,2002
jacobabadcumkashmore old jacobabad,NA-209,muttahidda majlis-e-amal,12041,131698,2057,133553,283779,47.06,2008
swat,NA-30,jamiat ulma-e-islam nazryati pakistan,741,158098,7228,165325,460748,35.88,2013
mardan,NA-20,pakistan muslim league (n),5355,0,0,0,0,45.16,2018
tribal area,NA-37,independent,2,87090,206,87296,141190,61.82,2008
faisalabad,NA-101,independent,147812,260844,6418,267262,459268,58.19,2018
tribal area,NA-47,independent,13,47706,402,46123,131222,35.14,2008
sahiwal,NA-163,pakistan muslim league,39864,131852,3771,134803,219426,61.43,2008
bahawalpur,NA-172,pakistan muslim league,106383,224681,4594,229275,357821,64.08,2018
nanka sahibi old sheikhupura,NA-135,independent,64,124469,6006,124469,227137,54.79,2008
sargodha,NA-68,pakistan muslim league (q),84038,154086,4625,158711,307801,51.56,2002
karachi,NA-255,muttahida qaumi movement,59807,172253,2153,174406,460110,37.91,2018
lahore,NA-127,sunni ittehad council,891,160108,2401,161700,330154,49.0,2013
lakki marwat,NA-27,pakistan tehreek-e-insaf,18405,169216,5277,174492,330921,53.0,2013
tank,NA-37,independent,13559,0,0,0,0,43.7,2018
nawabshah,NA-213,pakistan peoples party parlimentarian,108404,162196,4807,166725,350280,47.59,2008
tribal area,NA-47,independent,27,48139,457,48217,121265,39.76,2013
tribal area,NA-39,independent,8,47602,231,47833,125687,38.05,2013
abbottabad,NA-18,pakistan tehreek-e-insaf,41391,181627,6784,187224,336924,55.57,2013
malakand p area,NA-35,jamaat-e-islami pakistan,16397,138984,4362,142962,311172,45.95,2013
tharparkar,NA-229,independent,11,164597,3972,166922,256685,65.03,2008
islamabad,NA-48,independent,45,173189,1042,173968,292142,59.55,2013
lakki marwat,NA-27,jamiat ulama-e-islam (f),85051,169216,5277,174492,330921,53.0,2013
gujrat,NA-104,pakistan muslim league,96379,170348,3586,173568,311343,55.07,2008
toba tek singh,NA-94,independent,45,242627,8291,246020,385561,63.8,2013
bannu,NA-26,independent,45270,175007,5300,177252,444059,39.0,2013
bahawalpur,NA-187,pakistan muslim league (n),37775,131164,2432,133596,264580,50.5,2002
awarancumlasbela,NA-270,pakistan sunni tehreek,78,99860,4632,104491,238664,43.78,2013
dera ismail khan,NA-24,muttahidda majlis-e-amal,43124,110608,2445,113053,267513,42.26,2002
bannu,NA-35,pakistan tehreek-e-insaf,113822,238962,7356,246318,578872,42.55,2018
loralai,NA-263,balochistan national movement,1290,78657,3087,81744,272509,30.0,2002
haripur,NA-19,pakistan muslim league (q),81496,199787,6277,206064,453508,45.44,2002
shangla,NA-31,jamiat ulama-e-islam (f),8407,92744,4093,93978,296723,31.67,2013
kharan cum panjgur,NA-271,muttahidda majlis-e-amal,25775,64334,3678,68012,198911,34.19,2002
lakki marwat,NA-27,independent,108,123547,3874,126515,266658,47.44,2008
lahore,NA-123,independent,290,0,0,0,0,51.13,2018
hyderabad,NA-220,muttahidda majlis-e-amal,41190,90740,1197,91937,273607,33.6,2002
tribal area,NA-37,independent,18,87090,206,87296,141190,61.82,2008
ghotk,NA-200,independent,95,168424,8283,176081,291682,60.37,2013
islamabad,NA-48,majlis wahdat-e-muslimeen pakistan,1125,173189,1042,173968,292142,59.55,2013
kohat,NA-14,independent,6774,98618,3029,101567,357556,28.41,2008
bahawalnagar,NA-188,independent,40191,142799,5542,148311,269766,54.98,2008
jhang  cumchiniot old na jhang,NA-88,independent,68850,172084,7309,179393,277976,64.54,2013
swab,NA-12,awami workers party,152,152455,4094,155163,351675,44.12,2013
pishin cum ziarat,NA-261,pakistan pakhtoonkhawa milli awami party,17599,71016,4045,75061,270777,27.7,2002
gujranwala,NA-100,independent,45,142896,1320,144216,329285,43.79,2008
kasur,NA-140,pakistan peoples party parlimentarian,6449,0,0,0,0,60.65,2018
chakwal,NA-64,pakistan tehreek-e-insaf,155214,311355,9039,320394,551011,58.15,2018
swat,NA-29,independent,415,178857,6237,184299,521072,35.37,2013
lahore,NA-123,independent,9,0,0,0,288994,0.0,2008
kashmore old jacobabad,NA-210,pakistan muslim league (f),10347,99501,5104,104605,251995,41.51,2013
lahore,NA-135,pakistan muslim league (n),55431,0,0,0,0,53.94,2018
sheikhupura,NA-133,independent,95,156671,4490,161095,291283,55.31,2013
karachi,NA-249,independent,234,0,0,0,0,39.58,2018
jacobabadcumkashmore old jacobabad,NA-209,pakistan peoples party parlimentarian,111578,131698,2057,133553,283779,47.06,2008
charsadda,NA-23,pakistan peoples party parlimentarian,13966,0,0,0,0,42.18,2018
tribal,NA-44,independent,45,0,0,0,0,25.32,2018
bahawalpur,NA-187,pakistan peoples party parlimentarian,73660,131164,2432,133596,264580,50.5,2002
lahore,NA-127,independent,168,160108,2401,161700,330154,49.0,2013
abbottabad,NA-18,independent,728,150979,3843,154603,347770,44.26,2008
peshawar,NA-2,independent,5326,76293,2003,77892,314904,24.73,2008
battagram,NA-22,independent,185,71236,3400,73339,204979,35.78,2013
tribal area,NA-47,independent,23,48139,457,48217,121265,39.76,2013
lahore,NA-124,pakistan muslim league (n),146294,254901,3829,258730,533497,48.5,2018
jhang,NA-114,independent,65440,0,0,0,0,62.45,2018
layyah,NA-181,pakistan muslim league (q),86247,153254,5653,158907,275563,57.67,2002
faisalabad,NA-76,pakistan muslim league (q),56089,127603,3003,130606,291363,44.83,2002
gujranwala,NA-80,independent,619,0,0,0,0,53.36,2018
faisalabad,NA-77,pakistan peoples party parlimentarian,23959,138490,3316,141680,240482,58.91,2008
upper,NA-5,pakistan muslim league (n),14462,0,0,0,0,48.26,2018
kasur,NA-142,pakistan muslim league (n),85243,173646,6099,179473,278336,64.48,2013
tribal area,NA-40,independent,1272,77113,857,77970,160666,48.52,2013
toba tek singh,NA-92,independent,630,216146,8058,218731,354476,60.7,2013
lahore,NA-133,pakistan muslim league (n),89678,190531,2347,192878,371676,51.89,2018
attock,NA-59,pakistan muslim league (n),59819,191704,7137,198841,309334,64.0,2013
bahawalpur,NA-187,pakistan muslim league,92972,184456,6076,190232,282844,67.26,2013
swat,NA-30,pakistan muslim league,16337,69314,2918,79986,404540,19.8,2008
kasur,NA-142,pakistan muslim league (q),58420,108928,2778,111706,234431,47.65,2002
mirpurkhas,NA-227,muttahidda majlis-e-amal,3149,106907,3331,110238,259929,42.4,2002
rawalpindi,NA-51,pakistan peoples party (shaheed bhutto),285,239527,5815,245342,452466,54.22,2013
nankana sahibcum sheikhupura old sheikhupura,NA-136,pakistan muslim league,39371,116174,4634,120546,219843,54.83,2008
battagram,NA-12,pakistan peoples party parlimentarian,12427,0,0,0,0,35.5,2018
lakki marwat,NA-27,awami national party,2909,169216,5277,174492,330921,53.0,2013
tribal area,NA-44,independent,29,58959,1502,60000,185040,32.43,2013
kasur,NA-137,independent,28876,0,0,0,0,58.91,2018
rawalpindi,NA-55,independent,40649,96659,2174,98833,254943,38.77,2002
chakwal,NA-60,pakistan muslim league (q),72331,200355,4195,204550,386932,52.86,2002
lahore,NA-123,pakistan muslim league,16,0,0,0,288994,0.0,2008
sargodha,NA-89,pakistan peoples party parlimentarian,19495,0,0,0,0,58.93,2018
tribal,NA-48,independent,280,0,0,0,0,23.32,2018
larkana,NA-205,independent,183,90414,2219,92633,272435,34.0,2002
tharparkar,NA-229,pakistan muslim league,135697,164597,3972,166922,256685,65.03,2008
sialkot,NA-110,independent,86,176294,3290,179479,342125,52.46,2013
karachi,NA-253,pak muslim alliance,2401,79703,1101,80804,249365,32.4,2002
mianwali,NA-71,pakistan peoples party parlimentarian,4260,162464,5468,167812,330173,50.82,2008
sheikhupura,NA-122,pakistan tehreek-e-insaf,64616,0,0,0,0,57.83,2018
gujranwala,NA-98,pakistan muslim league (n),7366,131614,5079,136693,285993,47.8,2002
multan,NA-154,pakistan tehreek-e-insaf,74220,214634,5103,219737,385233,57.04,2018
faisalabad,NA-82,pakistan muslim league (n),37049,104801,1712,106513,267093,39.88,2002
faisalabad,NA-81,pakistan peoples party parlimentarian,58855,124414,3346,127760,281593,45.37,2002
okara,NA-145,pakistan peoples party parlimentarian,64607,129554,4223,133774,287122,46.59,2008
multan,NA-152,pakistan muslim league (n),36870,116710,2143,118853,279550,42.52,2002
bahawalnagar,NA-167,independent,390,0,0,0,0,56.81,2018
sanghar,NA-234,pakistan muslim league (n),24474,102298,4061,106359,242471,43.9,2002
rawalpindi,NA-52,independent,1081,255828,4329,259631,455186,57.04,2013
narowal,NA-115,pakistan muslim league (n),59688,111256,3594,114946,202087,56.87,2008
faisalabad,NA-101,tehreek-e-labbaik pakistan,9962,0,0,0,0,58.19,2018
naushero feroze,NA-212,muttahidda majlis-e-amal,2352,158163,3930,162084,376544,43.04,2008
sibi cum kolhu cum dera bugti,NA-265,muttahidda majlis-e-amal,4447,141608,2502,144110,308704,46.7,2002
rahimyar khan,NA-197,pakistan peoples party parlimentarian,79039,130757,2520,133277,265809,50.14,2002
lahore,NA-125,pakistan tehreek-e-insaf,84495,222161,4199,217762,429485,51.9,2013
karachi,NA-256,muttahida qaumi movement,123491,163868,1326,165160,371067,44.5,2008
lahore,NA-126,independent,30,196155,1916,196045,359492,55.0,2013
toba tek singh,NA-94,independent,1755,170131,4818,174949,344077,50.85,2002
swabi,NA-18,pakistan tehreek-e-insaf,78970,187543,7285,194828,449012,43.39,2018
tribal area,NA-41,independent,3,37461,706,0,92719,0.0,2013
multan,NA-151,independent,137,126275,1502,127777,351092,38.85,2008
jacobabad,NA-208,pakistan peoples party (shaheed bhutto),862,70722,3006,73728,252842,29.2,2002
vehari,NA-164,independent,2829,0,0,0,0,57.58,2018
faisalabad,NA-102,pakistan peoples party (shaheed bhutto),975,0,0,0,0,54.67,2018
tribal area,NA-41,independent,5,37461,706,0,92719,0.0,2013
narowal,NA-116,pakistan peoples party parlimentarian,40291,146223,5351,151574,271905,55.74,2013
jhang,NA-116,independent,978,0,0,0,0,62.15,2018
khushab,NA-69,pakistan muslim league,61076,164024,6117,170111,283887,59.92,2008
nawabshah,NA-213,pakistan muslim league (n),2528,162196,4807,166725,350280,47.59,2008
karachi,NA-246,muttahida qaumi movement,53134,97128,837,97965,261736,37.4,2002
karachi,NA-251,muttahida qaumi movement,56888,174404,3325,177729,405652,43.81,2018
upper,NA-5,pakistan tehreek-e-insaf,66545,207664,8256,215920,447414,48.26,2018
rahim yar khan,NA-193,independent,94,159044,5185,163913,288381,56.84,2013
okara,NA-145,pakistan muslim league (n),89025,170939,6777,171245,293394,58.0,2013
jacobabad,NA-210,independent,141,132036,5331,137367,289394,47.5,2002
tribal area,NA-47,independent,5028,48139,457,48217,121265,39.76,2013
lahore,NA-120,independent,8,151403,2031,153328,295826,51.85,2013
lahore,NA-118,independent,41,92862,1758,94620,250850,37.7,2008
sargodha,NA-66,independent,43,145468,3804,149249,408823,37.0,2008
gujrat,NA-107,all pakistan youth working party,14,207167,4385,211081,400622,53.0,2013
karach,NA-248,independent,91,133980,2100,136080,295536,46.04,2013
sargodha,NA-65,jamaat-e-islami pakistan,6767,189710,6947,201449,323341,62.3,2013
kohistan,NA-11,qaumi watan party,183,0,0,0,0,40.89,2018
dera ismail khan,NA-24,independent,91,220433,10510,219518,390996,56.14,2013
jhelum,NA-62,pakistan muslim league (n),102230,215830,6580,216920,389451,55.69,2013
okara,NA-144,pakistan muslim league (n),118670,241463,6558,248021,431948,57.42,2018
bhakkar,NA-74,independent,98366,188776,6885,194925,300762,64.81,2008
narowal,NA-115,pakistan muslim league (n),59688,111256,3594,114946,202087,56.87,2008
islamabad,NA-48,independent,29,104409,548,104902,239924,43.72,2008
toba tek singh,NA-93,pakistan muslim league,64287,169690,5196,174716,289211,60.41,2008
killa abdullah,NA-262,pakistan awami quwat party,9,88963,3079,91225,184824,49.35,2013
lahore,NA-126,pakistan peoples party parlimentarian,2770,196155,1916,196045,359492,55.0,2013
kashmore,NA-197,pakistan peoples party parlimentarian,84742,149993,15340,165333,454542,36.37,2018
mirpurkhascumumerkot,NA-227,independent,143,124933,5054,129060,331905,38.8,2008
lahore,NA-134,national party,381,0,0,0,0,53.4,2018
swat,NA-29,pakistan peoples party parlimentarian,12774,72795,2066,74737,412055,18.13,2008
sheikhupuracumnankana sahibii old sheikhupura,NA-134,independent,30,104982,2804,107786,208782,51.66,2008
swat,NA-3,pakistan tehreek-e-insaf,68162,155420,6452,161872,401124,40.35,2018
faisalabad,NA-83,independent,295,140145,3059,143202,311576,45.96,2008
karachi,NA-250,pakistan muslim league (q),4718,68283,952,69235,205400,33.7,2002
okara,NA-146,independent,445,133915,5686,139493,311975,44.71,2008
bahawalnagar,NA-166,independent,101811,219458,5156,224614,356995,62.92,2018
faisalabad,NA-84,pakistan peoples party parlimentarian,38421,112068,1805,113223,249391,45.4,2008
rawalpindi,NA-62,barabri party pakistan,86,0,0,0,0,52.01,2018
karak,NA-34,independent,457,0,0,0,0,49.69,2018
toba,NA-112,pakistan tehreek-e-insaf nazriati,443,0,0,0,0,59.22,2018
mardan,NA-11,independent,707,132539,3970,136212,329285,42.0,2013
multan,NA-158,pakistan tehreek-e-insaf,83304,241985,5690,247675,436391,56.76,2018
mardan,NA-9,independent,93,57054,1063,80816,262042,30.8,2008
lahore,NA-125,independent,36,0,0,0,0,0.0,2018
bolancumjhal magsi old kachhi,NA-267,pakistan peoples party parlimentarian,1115,111548,2020,112222,242024,46.36,2008
faisalabad,NA-81,awami justice party pakistan,209,206571,5824,212395,344031,61.74,2013
mansehra,NA-20,pakistan peoples party parlimentarian,1442,117395,3379,120774,327352,36.89,2002
tribal area,NA-38,pakistan peoples party parlimentarian,0,0,0,0,0,0.0,2013
lahore,NA-118,pakistan peoples party parlimentarian,24712,92862,1758,94620,250850,37.7,2008
tribal,NA-48,independent,1942,0,0,0,0,23.32,2018
tando allahyarcummatiari old hyderabad,NA-223,pakistan peoples party parlimentarian,84669,130876,4694,135635,276836,48.99,2008
sukkur,NA-198,independent,74,82245,1665,83910,238761,35.1,2002
malir,NA-238,pakistan peoples party parlimentarian,29598,100408,2816,103223,234616,44.0,2018
thatta,NA-232,pakistan peoples party parlimentarian,152691,182484,8682,191166,440329,43.41,2018
buner,NA-28,awami national party,19638,73731,2670,76401,269067,28.39,2002
lahore,NA-120,independent,98,71987,819,72806,232800,31.27,2002
ghotki,NA-201,muttahida qaumi movement,1918,104775,4284,109059,285481,38.2,2002
upper dircumlower din old upper dir,NA-33,jamiat ulama-e-islam (f),6567,115473,4360,118279,368035,32.14,2013
tribal,NA-43,independent,24,0,0,0,0,37.9,2018
khanewal,NA-151,pakistan muslim league (n),111198,233754,3638,237392,404946,58.62,2018
tribal,NA-49,independent,329,0,0,0,0,20.71,2018
mirpurkhascumumerkot,NA-227,independent,16,124933,5054,129060,331905,38.8,2008
mandi bahauddin,NA-109,independent,76,210501,6445,212922,384637,55.36,2013
tribal,NA-46,pakistan tehreek-e-insaf,16938,0,0,0,0,43.17,2018
gujranwala,NA-97,independent,843,167431,4228,171510,328632,52.18,2013
islamabad,NA-52,independent,541,0,0,0,0,64.26,2018
chakwal,NA-65,pakistan muslim league,157497,306975,9907,316882,552523,57.35,2018
sheikhupuraii old sheikhupura,NA-133,independent,92,97934,3959,101893,222833,45.73,2008
rawalpindi,NA-54,christian progressive movement,93,165049,1801,166523,300816,55.36,2013
mardan,NA-9,jamiat ulama-e-islam (f),14427,148390,3558,151637,336177,45.12,2013
nowshera,NA-25,pakistan tehreek-e-insaf-gulalai,959,0,0,0,0,48.79,2018
khanewal,NA-156,independent,977,186878,9354,190000,314492,62.32,2013
gujranwala,NA-99,pakistan muslim league (q),62209,131018,3742,134760,284193,47.42,2002
nankana sahibiii old sheikhupra,NA-137,muttahida qaumi movement,344,169065,6641,175596,287484,61.08,2013
bhakkar,NA-73,independent,3579,217179,13256,230052,336765,68.31,2013
bahawalpur,NA-183,pakistan peoples party parlimentarian,71394,114145,2800,116940,314932,37.13,2008
tando,NA-228,pakistan peoples party parlimentarian,76067,140076,7038,147114,274941,53.51,2018
faisalabad,NA-102,all pakistan muslim league,714,0,0,0,0,54.67,2018
awaran cum lasbela,NA-270,pakistan muslim league (q),40156,72519,3274,75793,252610,30.0,2002
attock,NA-56,pakistan muslim league (n),99404,0,0,0,0,52.5,2018
umerkot,NA-220,pakistan peoples party parlimentarian,162979,274686,11473,286159,461867,61.96,2018
gujranwala,NA-98,jamhoori wattan party,28,145988,4793,150781,368599,40.96,2008
mansehra,NA-13,independent,482,0,0,0,0,59.66,2018
gujrat,NA-105,independent,60,199918,4492,203864,394060,51.73,2013
lakki,NA-36,muttahida majlis-e-amal pakistan,91065,201699,9167,210866,421224,50.06,2018
chiniot,NA-100,awami justice party pakistan,353,0,0,0,0,61.68,2018
tribal area,NA-39,independent,1471,28176,335,28511,97620,29.21,2002
nowshera,NA-5,pakistan muslim league (n),4229,94570,2701,97234,263153,37.0,2008
badin,NA-224,independent,228,139013,2582,141595,364228,38.9,2002
faisalabad,NA-110,pakistan tehreek-e-insaf,114215,249613,4345,253958,445459,57.01,2018
rawalpindi,NA-55,independent,6,118484,1013,0,333928,0.0,2008
tribal area,NA-40,independent,17,77113,857,77970,160666,48.52,2013
tribal area,NA-39,independent,21844,49126,381,49463,123335,40.1,2008
sheikhupura,NA-122,pakistan peoples party parlimentarian,16697,0,0,0,0,57.83,2018
abbottabad,NA-18,pakistan awami tehreek,3516,114080,3200,117280,323694,36.23,2002
faisalabad,NA-76,muttahida qaumi movement,296,185170,6346,191686,329266,58.21,2013
larkana,NA-204,pakistan peoples party parlimentarian,46743,70055,2241,72296,275041,26.3,2002
dera ismail khan,NA-24,muttahidda majlis-e-amal,43124,110608,2445,113053,267513,42.26,2002
abbottabad,NA-18,mutahida deeni mahaz,9309,181627,6784,187224,336924,55.57,2013
sargodha,NA-67,muttahidda majlis-e-amal,38136,145378,4665,150043,305379,49.13,2002
kasur,NA-140,independent,672,182127,5715,185869,291601,63.74,2013
abbottabad,NA-16,qaumi watan party,2353,0,0,0,0,49.84,2018
zhobcumsheranicumkilla saifullahold zhobcum,NA-264,independent,24204,58782,3290,61952,222330,27.86,2008
lahore,NA-119,independent,9,153892,1818,155655,305570,50.93,2013
islamabad,NA-53,independent,0,0,0,0,0,56.53,2018
tribal,NA-47,independent,100,0,0,0,0,32.87,2018
gujrat,NA-107,independent,257,207167,4385,211081,400622,53.0,2013
charsadda,NA-23,independent,1308,0,0,0,0,42.18,2018
peshawar,NA-1,pakistan tehreek-e-insaf,90500,145924,2103,146044,320578,46.18,2013
lakki marwat,NA-27,independent,54,169216,5277,174492,330921,53.0,2013
toba tek singh,NA-93,independent,62,221817,5795,227220,352845,64.4,2013
battagram,NA-22,pakistan muslim league,22316,55043,1027,55566,151437,36.69,2008
sialkot,NA-113,jamaat-e-islami pakistan,223,196602,5205,200989,353741,56.5,2013
faisalabad,NA-82,pakistan muslim league (n),62889,132853,2239,135080,287186,47.0,2008
tribal area,NA-40,pakistan tehreek-e-insaf,8239,77113,857,77970,160666,48.52,2013
gujrat,NA-106,pakistan peoples party parlimentarian,89555,172429,6456,179026,322310,55.54,2008
quetta,NA-266,balochistan national party,20034,61541,2779,64320,187539,34.3,2018
tribal,NA-44,pakistan tehreek-e-insaf,12537,66215,929,67144,265217,25.32,2018
islamabad,NA-53,independent,0,0,0,0,0,56.53,2018
karachi,NA-257,muttahida qaumi movement,134498,185901,6,188363,386376,48.75,2008
lahore,NA-119,pakistan tehreek-e-insaf,40821,153892,1818,155655,305570,50.93,2013
bannu,NA-26,pakistan tehreek-e-insaf,25392,175007,5300,177252,444059,39.0,2013
peshawar,NA-3,independent,471,173647,5276,177823,384086,46.3,2013
umerkotold mirpurkhas,NA-228,pakistan peoples party parlimentarian,99700,196523,9905,203122,295065,68.84,2013
lakki marwat,NA-27,pakistan muslim league (n),56824,169216,5277,174492,330921,53.0,2013
hyderabad,NA-222,pakistan peoples party parlimentarian,53705,92505,1794,94299,262149,36.0,2002
kasur,NA-137,independent,3831,0,0,0,0,58.91,2018
lahore,NA-129,pakistan muslim league (n),103021,214705,3709,218414,404802,53.96,2018
faisalabad,NA-79,independent,149,192563,7322,190941,335868,56.85,2013
karachi,NA-255,muttahida qaumi movement,157971,190638,1451,192088,331927,57.8,2008
abbottabad,NA-18,pakistan muslim league (n),72586,150979,3843,154603,347770,44.26,2008
karachi,NA-241,awami national party,5953,73634,924,74558,201562,37.0,2002
sanghar,NA-215,independent,938,0,0,0,0,54.86,2018
toba,NA-112,independent,5406,0,0,0,0,59.22,2018
karachi,NA-251,muttahida qaumi movement,83537,131024,2673,133697,337193,39.64,2008
sialkot,NA-74,independent,358,0,0,0,0,55.4,2018
faisalabad,NA-102,independent,1361,0,0,0,0,54.67,2018
mansehra,NA-20,mohajir qaumi movement pakistan,274,221152,8452,226592,415191,54.6,2013
lahore,NA-127,pakistan muslim league (n),53602,93052,1338,94390,279080,33.82,2008
thatta,NA-237,independent,953,199886,11209,210795,362768,58.1,2013
bannu,NA-35,pakistan justice & democratic party,1015,0,0,0,0,42.55,2018
khuzdar,NA-269,pakistan peoples party parlimentarian,2370,0,0,0,0,54.32,2018
tribal area,NA-43,independent,13097,26625,748,27373,114139,23.98,2002
kasuricumlahore,NA-138,pakistan muslim league (n),75694,182053,6305,187843,282555,66.5,2013
rajanpur,NA-174,jamiat ulama-e-pakistan (noorani),80,211060,10187,219916,369102,59.52,2013
kech cum gwadar,NA-272,independent,44177,89008,3035,92043,281748,32.67,2002
gujrat,NA-106,independent,128,213817,6893,222983,413565,53.91,2013
lahore,NA-118,muttahidda majlis-e-amal,2728,69879,1327,71206,243707,29.22,2002
badin,NA-230,grand democratic alliance,96875,206056,10263,218319,371879,58.17,2018
karach,NA-247,independent,70,169112,4937,173969,303774,57.24,2013
sahiwal,NA-148,pakistan muslim league (n),128880,269177,6843,276020,492020,56.1,2018
vehari,NA-164,pakistan peoples party parlimentarian,2625,0,0,0,0,57.58,2018
mardan,NA-9,independent,87,148390,3558,151637,336177,45.12,2013
attock,NA-57,independent,444,182125,5464,186122,353751,52.61,2013
swat,NA-30,independent,143,158098,7228,165325,460748,35.88,2013
rawalpindi,NA-54,independent,34,165049,1801,166523,300816,55.36,2013
karachi,NA-250,muttahidda majlis-e-amal,21462,68283,952,69235,205400,33.7,2002
tribal,NA-42,independent,21076,0,0,0,0,0.0,2018
lahore,NA-123,pakistan muslim league (n),126878,173676,2155,175830,347941,50.53,2013
faisalabad,NA-105,independent,6472,0,0,0,0,56.84,2018
swat,NA-29,awami national party,19860,72795,2066,74737,412055,18.13,2008
gujranwala,NA-84,independent,93,0,0,0,0,57.36,2018
karachi,NA-247,independent,130,87099,1203,88302,243006,36.3,2002
khushab,NA-70,independent,736,210142,6836,215424,343920,62.64,2013
lahore,NA-124,labour party pakistan,515,76491,1374,77865,255757,30.44,2002
tribal area,NA-38,independent,0,0,0,0,0,0.0,2013
toba tek singh,NA-94,independent,66960,242627,8291,246020,385561,63.8,2013
abbottabad,NA-18,independent,2145,114080,3200,117280,323694,36.23,2002
kharan cum panjgur,NA-271,balochistan national democratic party,1435,64334,3678,68012,198911,34.19,2002
gujranwala,NA-96,muttahidda majlis-e-amal,39181,89548,2145,91693,248268,36.93,2002
rawalpindi,NA-61,independent,32,0,0,0,0,51.38,2018
lodhran,NA-155,pakistan peoples party parlimentarian,68941,153001,1123,154124,272048,56.65,2008
karachi,NA-239,pakistan peoples party parlimentarian,56840,110675,2377,113052,312401,36.19,2008
naushero feroze,NA-211,muttahida qaumi movement,65,164572,3312,168176,381020,44.138,2008
layyah,NA-182,pakistan peoples party parlimentarian,74932,174062,4343,178405,303784,58.73,2002
sahiwal,NA-148,all pakistan muslim league,1202,0,0,0,0,56.1,2018
sheikhupura,NA-121,independent,730,0,0,0,0,56.16,2018
lower dir,NA-34,independent,187,149331,5364,152181,504694,30.15,2013
sheikhupura,NA-137,tehreek hussainia pakistan,616,125292,3497,128789,279668,46.05,2002
gujranwala,NA-96,independent,44,154948,2997,154760,303568,52.0,2013
hyderabad,NA-221,pakistan muslim league (q),12966,68266,1466,69732,223681,31.2,2002
layyah,NA-182,pakistan muslim league (n),75910,169346,5033,174192,295598,58.93,2008
lower dir,NA-34,muttahidda majlis-e-amal,53799,90673,2072,92745,327902,28.28,2002
attock,NA-59,pakistan peoples party parlimentarian,71400,156228,4150,160104,263849,60.68,2008
peshawar,NA-3,independent,2071,90895,2566,93241,257192,36.25,2008
mirpurkhascumumerkot,NA-226,independent,195,143934,4184,148116,354611,41.76,2008
faisalabad,NA-106,pakistan tehreek-e-insaf,103799,0,0,0,0,58.92,2018
tando muhammad khancumhyderabadcumbadin old h,NA-222,independent,8,113490,2200,116451,318867,36.52,2008
battagram,NA-22,independent,1924,71236,3400,73339,204979,35.78,2013
narowal,NA-116,pakistan muslim league,37138,114350,6537,120887,224956,53.73,2008
nasirabad,NA-266,pakistan peoples party parlimentarian,41899,120147,6635,126782,493722,25.7,2002
kasur,NA-140,pakistan peoples party parlimentarian,30305,133167,2350,130004,230446,56.41,2008
vehari,NA-169,pakistan muslim league (n),48999,150635,4133,154632,320861,48.24,2008
toba,NA-113,pakistan tehreek-e-insaf,128274,254969,7879,262848,438842,59.9,2018
vehar,NA-168,pakistan muslim league (n),69049,187849,5934,187727,312836,61.91,2013
jhang,NA-91,pakistan peoples party parlimentarian,45428,136876,3562,140438,261795,53.64,2002
bolancumjhal magsi old kachhi,NA-267,independent,61249,111548,2020,112222,242024,46.36,2008
gujranwala,NA-83,pakistan peoples party parlimentarian,3161,0,0,0,0,55.07,2018
chakwal,NA-60,independent,2073,294995,9559,306258,486070,63.0,2013
sahiwal,NA-149,pakistan peoples party parlimentarian,12578,0,0,0,0,56.92,2018
karachi,NA-258,pakistan freedom movement,142,106656,2233,108889,263393,41.3,2002
tribal area,NA-37,independent,4,93968,518,94484,162660,58.09,2013
charsadda,NA-8,pakistan peoples party parlimentarian,3848,139141,4625,143540,327423,43.63,2013
karachi,NA-252,pakistan tehreek-e-insaf,21065,84542,2215,86757,219042,39.61,2018
multan,NA-148,pakistan peoples party parlimentarian,49918,200651,4310,205254,350801,58.51,2013
tharparkar,NA-229,pakistan peoples party parlimentarian,88218,178509,8640,187149,268217,69.77,2013
pakpattan,NA-146,pakistan human party,21112,0,0,0,0,59.55,2018
faisalabad,NA-81,pakistan peoples party parlimentarian,58855,124414,3346,127760,281593,45.37,2002
dera ghazi khan,NA-171,jamiat ulama-e-islam (s),30,162634,7114,169748,381343,44.42,2008
charsadda,NA-7,all pakistan muslim league,503,169170,5113,173869,376144,46.22,2013
khanewal,NA-153,pakistan muslim league (n),106291,247328,4514,251842,410891,61.29,2018
larkana old larkana,NA-204,muttahidda majlis-e-amal,127,97697,1834,99528,374350,26.58,2008
dera ghazi khan,NA-171,azad pakistan party,116,184298,5868,0,347789,52.0,2013
faisalabad,NA-82,muttahida qaumi movement,81,200368,2805,203173,343634,59.12,2013
faisalabad,NA-84,pakistan muslim league (n),103176,180364,4509,184873,308900,59.84,2013
mirpurkhas,NA-219,pakistan peoples party parlimentarian,105823,175605,8998,184603,345734,53.39,2018
peshawar,NA-1,jamiat ulma-e-islam nazryati pakistan,42,145924,2103,146044,320578,46.18,2013
narowal,NA-117,independent,959,154637,3067,157566,272892,57.73,2013
kasur,NA-138,pakistan muslim league (q),39781,116211,3545,119756,245303,48.82,2002
sheikhupura,NA-121,pakistan tehreek-e-insaf,71308,0,0,0,0,56.16,2018
peshawar,NA-3,independent,1228,173647,5276,177823,384086,46.3,2013
rahimyar,NA-180,independent,37145,0,0,0,0,58.86,2018
upper dircumlower dir old upper dir,NA-33,independent,84,69951,2020,71678,267936,26.75,2008
kasur,NA-138,independent,265,116211,3545,119756,245303,48.82,2002
mardan,NA-9,jamiat ulama-e-islam (f),14427,148390,3558,151637,336177,45.12,2013
okara,NA-144,pakistan peoples party parlimentarian,63713,99887,2549,102436,231670,44.22,2002
nasirabad,NA-266,balochistan national congress,278,120147,6635,126782,493722,25.7,2002
faisalabad,NA-81,independent,7285,206571,5824,212395,344031,61.74,2013
hafizabad,NA-87,pakistan muslim league (n),157453,0,0,0,0,59.13,2018
swabi,NA-19,pakistan tehreek-e-insaf,83903,203707,8023,211730,463621,45.67,2018
naushero feroze,NA-212,muttahidda majlis-e-amal,2352,158163,3930,162084,376544,43.04,2008
multan,NA-150,national alliance,4215,77608,1585,79193,287894,27.51,2002
lahore,NA-130,pakistan peoples party parlimentarian,46095,84078,2108,86186,232372,37.09,2002
kasuricumlahore,NA-138,jamiat ulama-e-pakistan (noorani),4937,182053,6305,187843,282555,66.5,2013
narowal,NA-77,pakistan muslim league (n),106366,267585,11119,278704,507995,54.86,2018
upper dir,NA-33,awami national party,3268,71934,2581,74515,230952,32.26,2002
mardan,NA-11,pakistan peoples party parlimentarian,20896,39941,495,40436,256479,15.77,2008
karachi,NA-252,pakistan freedom movement,115,73068,951,74019,222482,33.3,2002
tribal area,NA-43,independent,247,14910,392,15302,119088,12.849,2008
khanewal,NA-157,pakistan muslim league,58819,137567,4676,142140,268515,52.93,2008
toba,NA-113,pakistan tehreek-e-insaf,128274,254969,7879,262848,438842,59.9,2018
charsadda,NA-24,pakistan muslim league (n),1363,0,0,0,0,45.29,2018
mianwal,NA-71,independent,322,216394,7988,222919,386930,57.61,2013
larkana old larkana,NA-204,muttahida qaumi movement,526,97697,1834,99528,374350,26.58,2008
hafizabad,NA-87,pakistan tehreek-e-insaf,165618,395158,9565,404723,684447,59.13,2018
lahore,NA-118,independent,19,166084,3171,169137,334256,50.6,2013
chitral,NA-1,pakistan rah-e-haq party,3223,0,0,0,0,60.97,2018
hafizabad,NA-102,pakistan muslim league (n),93691,173811,4298,176958,284417,62.21,2013
multan,NA-153,independent,1147,211229,5374,210591,349714,60.0,2013
bahawalnagar,NA-168,tehreek-e-labbaik pakistan,9554,0,0,0,0,56.51,2018
peshawar,NA-1,awami national party,44210,88325,629,88913,387083,22.97,2008
muzaffargarh,NA-178,pakistan muslim league (q),60386,123451,3856,127307,273899,46.48,2002
hyderabad,NA-220,pakistan muslim league (q),471,90740,1197,91937,273607,33.6,2002
abbottabad,NA-16,independent,236,0,0,0,0,49.84,2018
khairpur,NA-215,independent,102,140602,3127,143724,362823,39.16,2008
rawalpindi,NA-54,jamiat ulama-e-pakistan (noorani),468,165049,1801,166523,300816,55.36,2013
dikhancumtank,NA-25,pakistan muslim league (n),2871,187513,9165,195360,366793,53.26,2013
chakwal,NA-65,muttahida majlis-e-amal pakistan,2880,0,0,0,0,57.35,2018
tribal area,NA-43,independent,58,42901,1378,44051,168514,26.14,2013
dera ghazi khan,NA-171,pakistan muslim league,39628,162634,7114,169748,381343,44.42,2008
gujranwala,NA-84,independent,1761,0,0,0,0,57.36,2018
tribal area,NA-44,independent,91,58959,1502,60000,185040,32.43,2013
abbottabad,NA-15,pakistan rah-e-haq party,2307,0,0,0,0,50.56,2018
swat,NA-4,pakistan tehreek-e-insaf,71600,153909,6522,160431,409013,39.22,2018
mandi,NA-85,tehreek-e-labbaik islam,4656,0,0,0,0,53.45,2018
khushab,NA-70,independent,64885,210142,6836,215424,343920,62.64,2013
lahore,NA-118,pakistan muslim league (q),21641,69879,1327,71206,243707,29.22,2002
tribal,NA-47,independent,349,0,0,0,0,32.87,2018
attock,NA-56,pakistan peoples party parlimentarian,38779,0,0,0,0,52.5,2018
sargodha,NA-66,independent,996,212172,3065,214460,384131,56.83,2013
vehar,NA-169,independent,31,199613,4638,203822,321145,63.46,2013
tribal area,NA-40,independent,9,34638,591,35254,126453,27.87,2008
sibicumkohlucumdera bugti cumharani,NA-265,pakistan falah party,932,86334,6892,89804,211471,42.47,2013
jamshoro old dadu,NA-231,pakistan peoples party parlimentarian,138320,181157,5114,186259,492758,37.79,2008
khuzdar,NA-269,independent,4012,56409,2621,59030,252902,23.34,2002
karachi,NA-247,pakistan tehreek-e-insaf,1023,87099,1203,88302,243006,36.3,2002
gujranwala,NA-100,pakistan peoples party parlimentarian,6833,179845,5324,184883,288271,64.14,2013
tribal,NA-48,independent,494,0,0,0,0,23.32,2018
jhelum,NA-63,independent,2031,142818,4589,147407,294278,50.09,2002
karak,NA-15,tehrik-e-masawaat,99,159615,4284,162657,314969,51.64,2013
lahore,NA-135,pakistan tehreek-e-insaf,64765,136375,1973,138348,256481,53.94,2018
tribal,NA-41,independent,1863,0,0,0,0,38.17,2018
lahore,NA-128,independent,78,0,0,0,0,55.21,2018
tribal area,NA-40,independent,216,77113,857,77970,160666,48.52,2013
muzaffargarh,NA-182,tehreek-e-labbaik pakistan,6604,0,0,0,0,60.99,2018
tribal area,NA-36,pakistan peoples party parlimentarian,753,53017,66,53083,179304,29.92,2013
lahore,NA-123,independent,6,0,0,0,288994,0.0,2008
jhelum,NA-63,independent,563,203481,5273,208229,386957,53.87,2013
vehari,NA-167,independent,54,152880,1367,154247,363091,42.48,2008
tribal area,NA-39,independent,7922,47602,231,47833,125687,38.05,2013
tribal area,NA-41,independent,3,37461,706,0,92719,0.0,2013
abbottabad,NA-18,awami muslim league pakistan,1036,181627,6784,187224,336924,55.57,2013
gujranwala,NA-96,independent,13,154948,2997,154760,303568,52.0,2013
attock,NA-55,pakistan tehreek-e-insaf,145168,297411,8316,305727,571804,53.47,2018
bhakkar,NA-74,independent,3272,188776,6885,194925,300762,64.81,2008
karachi,NA-245,pakistan tehreek-e-insaf,56615,163439,2864,166303,443540,37.49,2018
muzaffargarh,NA-178,all pakistan muslim league,832,209261,6953,215737,349646,61.7,2013
chakwal,NA-61,pakistan muslim league,99373,275247,9752,272744,443677,61.0,2013
lahore,NA-123,independent,76,173676,2155,175830,347941,50.53,2013
nowshera,NA-6,independent,921,136313,5025,140891,299273,47.08,2013
karak,NA-34,pakistan muslim league (n),14346,0,0,0,0,49.69,2018
dera ghazi khan,NA-173,independent,337,134657,5384,140021,334228,41.89,2008
bahawalnagar,NA-191,pakistan muslim league (n),3438,168500,4002,172405,362672,47.53,2008
sargodha,NA-91,independent,5171,0,0,0,0,59.45,2018
islamabad,NA-49,independent,118,135591,983,136573,242877,56.23,2008
tribal area,NA-47,independent,10341,34627,414,35041,120963,28.97,2002
rawalpindi,NA-56,pakistan muslim league (n),73433,107633,1848,109481,312220,35.06,2008
sialkot,NA-111,pakistan peoples party (shaheed bhutto),328,222298,5508,227587,399981,56.89,2013
attock,NA-57,independent,685,102410,3773,106183,243306,43.64,2002
gujrat,NA-69,pakistan peoples party parlimentarian,6035,0,0,0,0,46.6,2018
kasur,NA-137,independent,949,0,0,0,0,58.91,2018
mirpurkhas,NA-226,independent,185,115311,2519,117830,261129,45.1,2002
sahiwal,NA-162,pakistan peoples party parlimentarian,9609,179312,3684,182742,306359,59.65,2013
faisalabad,NA-77,independent,385,175444,5667,180589,294667,61.48,2013
bahawalpur,NA-183,independent,942,158921,6660,172222,296231,58.0,2013
lahore,NA-123,independent,774,66805,1046,67851,262987,25.8,2002
faisalabad,NA-84,pakistan gharib party,215,112068,1805,113223,249391,45.4,2008
abbottabad,NA-17,independent,36668,134391,2681,134211,314337,42.72,2008
muzaffargarh,NA-180,independent,42,135912,3931,139839,257481,54.31,2008
mansehra,NA-13,pakistan muslim league,588,0,0,0,0,59.66,2018
gujranwala,NA-95,independent,136,107847,2113,109921,328711,33.4,2008
tribal area,NA-37,independent,5653,41321,711,42032,138559,30.34,2002
mandi bahauddin,NA-108,pakistan muslim league (n),73789,239629,5996,245260,430517,57.6,2013
rawalpindi,NA-59,independent,3272,0,0,0,0,58.78,2018
sheikhupura,NA-137,pakistan muslim league (q),61506,125292,3497,128789,279668,46.05,2002
jhelum,NA-67,pakistan muslim league (n),82475,0,0,0,0,51.87,2018
lahore,NA-121,pakistan peoples party parlimentarian,27934,108453,1861,109989,303962,36.18,2008
bannu,NA-26,independent,31867,112496,2108,114604,297451,38.53,2002
lahore,NA-123,awami muslim league pakistan,3,0,0,0,288994,0.0,2008
gujranwala,NA-100,independent,945,142896,1320,144216,329285,43.79,2008
karach,NA-239,pakistan muslim league (sher-e-bangal),997,152294,1605,153596,373762,41.12,2013
tribal area,NA-41,independent,78,26188,844,27032,86598,31.22,2002
lahore,NA-123,independent,5,0,0,0,288994,0.0,2008
karachi,NA-241,awami national party,5953,73634,924,74558,201562,37.0,2002
chiniot,NA-100,pakistan muslim league (n),76415,216487,7197,223684,362673,61.68,2018
faisalabad,NA-79,independent,196,192563,7322,190941,335868,56.85,2013
kasur,NA-139,independent,68,182988,5734,188869,301506,62.0,2013
pakpattan,NA-166,pakistan muslim league (n),66418,123530,4815,128315,221602,57.9,2008
quetta,NA-259,pakistan muslim league,9965,107926,2130,109903,264293,41.58,2013
hafizabad,NA-103,independent,76199,162738,4852,165135,259256,63.69,2013
rawalpindi,NA-55,independent,51,177341,2524,179731,324022,55.47,2013
islamabad,NA-54,pakistan tehreek-e-insaf,56945,117747,932,118679,218795,54.24,2018
haripur,NA-17,independent,5033,0,0,0,0,52.22,2018
abbottabad,NA-15,independent,30305,0,0,0,0,50.56,2018
okara,NA-142,pakistan kissan ittehad(ch. anwar),202,0,0,0,0,56.81,2018
lahore,NA-123,independent,13,0,0,0,288994,0.0,2008
tharparkar,NA-230,independent,761,129293,8990,138283,203512,67.94,2013
khushab,NA-69,all pakistan muslim league,1307,201459,7816,207704,336551,61.72,2013
khanewal,NA-158,muttahida qaumi movement,1512,159769,4137,159659,262562,60.8,2008
charsadda,NA-7,mutahida deeni mahaz,1032,169170,5113,173869,376144,46.22,2013
larkana old larkana,NA-204,independent,624,97697,1834,99528,374350,26.58,2008
rawalpindi,NA-55,pakistan muslim league (n),14405,96659,2174,98833,254943,38.77,2002
haripur,NA-19,muttahida qaumi movement,699,288057,8467,295471,531865,55.55,2013
malakand pa,NA-35,pakistan peoples party parlimentarian,34472,70744,2380,73058,233458,31.29,2008
khanewal,NA-156,pakistan muslim league (q),59637,150940,3048,153988,291062,52.91,2002
muzaffargarh,NA-184,independent,853,0,0,0,0,58.52,2018
gujranwala,NA-83,pakistan tehreek-e-insaf-gulalai,240,0,0,0,0,55.07,2018
rawalpindi,NA-52,pakistan muslim league (q),56645,144310,5698,150008,306853,48.89,2002
lower,NA-6,pakistan tehreek-e-insaf,63440,166820,4955,171775,351245,48.9,2018
hyderabad,NA-218,muttahida qaumi movement,3615,112119,1105,113224,276462,41.0,2002
gujranwala,NA-98,pakistan muslim league (q),37523,131614,5079,136693,285993,47.8,2002
rawalpindi,NA-61,independent,333,0,0,0,0,51.38,2018
gujrat,NA-104,pakistan peoples party parlimentarian,62651,154009,4313,158322,303985,52.08,2002
gujrat,NA-106,muttahida qaumi movement,75,213817,6893,222983,413565,53.91,2013
faisalabad,NA-81,awami justice party pakistan,209,206571,5824,212395,344031,61.74,2013
narowal,NA-115,pakistan muslim league (q),32104,100282,4559,104841,237486,44.15,2002
tribal area,NA-40,independent,15,28600,289,28889,96448,29.95,2002
tribal area,NA-36,independent,1208,24648,341,24989,108081,23.12,2002
badincumtando muhammad khani old badin,NA-224,independent,268,130012,8728,138742,331871,41.8,2008
tharparkar,NA-229,national alliance,86196,122560,3054,125614,250983,50.0,2002
toba,NA-112,independent,357,0,0,0,0,59.22,2018
sawabi,NA-12,awami national party,32038,86830,2009,88839,236270,37.6,2002
okara,NA-144,independent,77795,118044,4080,122143,301559,40.5,2008
karachi,NA-248,pakistan peoples party parlimentarian,84217,104565,1849,106414,351345,30.28,2008
lahore,NA-122,azad pakistan party,789,116359,1653,118060,331381,35.62,2008
gujranwala,NA-100,pakistan muslim league (n),89826,179845,5324,184883,288271,64.14,2013
karachi,NA-249,pakistan tehreek-e-insaf,35344,128501,2684,131185,331430,39.58,2018
sialkot,NA-110,pakistan muslim league (q),38957,101803,4280,106083,247536,42.86,2002
rahimyar khan,NA-193,pakistan peoples party parlimentarian,45500,113979,3605,117584,280047,41.99,2002
bahawalpur,NA-170,pakistan muslim league (n),74694,0,0,0,0,52.29,2018
dikhan,NA-24,pakistan peoples party parlimentarian,83560,138631,4287,142843,347165,41.14,2008
kasur,NA-138,national alliance,1394,116211,3545,119756,245303,48.82,2002
hyderabad,NA-223,pakistan peoples party parlimentarian,50624,97841,2827,100668,274892,36.6,2002
faisalabad,NA-81,pakistan peoples party parlimentarian,65322,144790,3616,153406,252974,60.64,2008
sukkur cum shikarpur,NA-198,independent,24,107595,2465,110038,265679,41.41,2008
sahiwal,NA-161,independent,422,128909,6104,135661,236482,57.36,2008
sialkot,NA-113,pakistan muslim league (n),77819,155414,5996,161406,292273,55.02,2008
swab,NA-13,jamiat ulma-e-islam nazryati pakistan,7765,155745,4191,159276,362779,43.9,2013
karachi,NA-245,muttahida qaumi movement,149157,168328,841,169169,344004,49.18,2008
chakwal,NA-64,pakistan muslim league (n),130051,0,0,0,0,58.15,2018
karachi,NA-253,independent,183,152843,2744,156342,398527,39.22,2008
tharparkar,NA-230,pakistan muslim league,109580,153057,6085,152556,237555,64.21,2008
nankana sahibii old sheikhupura,NA-137,pakistan peoples party parlimentarian,24829,124965,5452,130408,234225,55.6,2008
kashmore old jacobabad,NA-210,independent,103,84801,1521,86322,292284,29.53,2008
chinioti old  na jhang,NA-86,independent,289,178119,5827,183946,289317,63.58,2013
karachi,NA-247,independent,36,87099,1203,88302,243006,36.3,2002
dadu,NA-235,pakistan peoples party parlimentarian,81200,169406,9290,178696,359762,49.67,2018
rajanpur,NA-175,independent,271,116506,3504,120010,292109,41.08,2002
peshawar,NA-1,jamiat ulma-e-islam nazryati pakistan,42,145924,2103,146044,320578,46.18,2013
bahawalpur,NA-185,pakistan muslim league (n),54334,121413,2411,123818,364465,33.97,2008
layyah,NA-181,pakistan muslim league (n),56951,163166,4241,167325,263128,63.59,2008
chakwal,NA-60,independent,129,294995,9559,306258,486070,63.0,2013
tribal area,NA-37,independent,0,87090,206,87296,141190,61.82,2008
okara,NA-143,pakistan muslim league,43798,124135,4627,128762,280597,45.88,2008
bahawalpur,NA-173,independent,2698,0,0,0,0,56.02,2018
narowal,NA-77,pakistan tehreek-e-insaf,52231,0,0,0,0,54.86,2018
muzaffargarh,NA-180,independent,195,182206,5712,181154,296167,61.17,2013
lahore,NA-132,pakistan muslim league (n),95834,186969,3524,190493,315104,60.45,2018
jhang,NA-86,independent,285,126706,3510,130216,252313,51.61,2002
islamabad,NA-53,pakistan peoples party parlimentarian,17970,0,0,0,0,56.53,2018
hyderabad,NA-222,independent,387,92505,1794,94299,262149,36.0,2002
buner,NA-28,pakistan peoples party(sherpao),34224,73731,2670,76401,269067,28.39,2002
faisalabad,NA-102,independent,561,0,0,0,0,54.67,2018
khushab,NA-93,pakistan tehreek-e-insaf,100448,240123,7963,248086,428736,57.86,2018
rawalpindi,NA-52,independent,666,255828,4329,259631,455186,57.04,2013
sialkot,NA-112,pakistan muslim league (q),68468,153701,5400,159101,324531,49.02,2002
khushab,NA-70,pakistan muslim league (n),94594,210142,6836,215424,343920,62.64,2013
toba,NA-111,allah-o-akbar tehreek,2713,0,0,0,0,58.32,2018
tribal area,NA-41,pakistan muslim league (n),8022,37461,706,0,92719,0.0,2013
sialkot,NA-112,independent,126,164695,4979,168516,302932,55.63,2008
bahawalpur,NA-185,pakistan muslim league (n),54334,121413,2411,123818,364465,33.97,2008
vehari,NA-165,independent,274,0,0,0,0,56.39,2018
kasur,NA-139,pakistan muslim league (n),51436,117709,3663,121313,239473,50.66,2008
toba,NA-112,pakistan muslim league (n),125303,272751,5483,278234,469863,59.22,2018
bahawalnagar,NA-190,pakistan muslim league (n),2800,151037,3629,154666,316829,48.81,2008
swat,NA-2,pakistan tehreek-e-insaf,61687,157060,8721,165781,382974,43.29,2018
bahawalpur,NA-183,independent,1114,158921,6660,172222,296231,58.0,2013
karach,NA-240,muttahida qaumi movement,87805,161602,1539,163135,287170,56.8,2013
larkana,NA-204,muttahida qaumi movement,2129,70055,2241,72296,275041,26.3,2002
toba,NA-113,independent,173,0,0,0,0,59.9,2018
tribal area,NA-41,independent,210,37461,706,0,92719,0.0,2013
rawalpindi,NA-56,independent,10,160363,1479,161627,288423,56.04,2013
karachi,NA-253,muttahida majlis-e-amal pakistan,9357,0,0,0,0,38.12,2018
rawalpindi,NA-63,independent,65767,0,0,0,0,58.14,2018
tribal area,NA-46,independent,4135,16896,142,0,0,0.0,2013
hafizabad,NA-103,pakistan tehreek-e-insaf,1229,111845,3502,115347,206486,55.86,2002
karachi,NA-239,pakistan peoples party parlimentarian,21461,74450,1323,75773,228031,33.2,2002
multan,NA-154,pakistan muslim league (n),20977,0,0,0,0,57.04,2018
kasur,NA-139,independent,25137,100130,3058,103188,266294,38.75,2002
dera ghazi khan,NA-172,national alliance,56343,109715,2130,111845,305066,36.66,2002
tribal area,NA-39,independent,12,47602,231,47833,125687,38.05,2013
attock,NA-57,pakistan muslim league (n),59920,182125,5464,186122,353751,52.61,2013
attock,NA-57,pakistan peoples party parlimentarian,9570,102410,3773,106183,243306,43.64,2002
rahimyar khan,NA-192,independent,74933,134212,3428,137640,345937,39.79,2002
dera ismail khan,NA-24,independent,144,220433,10510,219518,390996,56.14,2013
pakpattan,NA-164,pakistan muslim league (n),67984,163673,6212,169357,260811,64.93,2013
kamber shahdadkot old larkana,NA-206,pakistan peoples party parlimentarian,49524,75181,2392,77573,148797,52.0,2008
chakwal,NA-61,independent,101664,194260,3883,198143,358593,55.26,2002
jamshoro,NA-233,pakistan peoples party parlimentarian,133492,229406,10917,240323,426469,56.35,2018
islamabad,NA-54,independent,0,0,0,0,0,54.24,2018
sawabi,NA-13,muttahidda majlis-e-amal,50096,88935,2515,91450,237950,38.43,2002
gujrat,NA-71,pakistan tehreek-e-insaf,81538,0,0,0,0,50.87,2018
tribal area,NA-43,jamaat-e-islami pakistan,10023,42901,1378,44051,168514,26.14,2013
attock,NA-58,pakistan muslim league,70743,181330,5806,182792,315556,57.0,2008
bahawalpur,NA-184,independent,2113,171487,4998,176458,291600,60.51,2013
gujrat,NA-105,independent,19,199918,4492,203864,394060,51.73,2013
mardan,NA-9,muttahidda majlis-e-amal,54479,77668,1722,79390,221113,35.9,2002
kohat,NA-14,awami national party,30681,98618,3029,101567,357556,28.41,2008
lakki marwat,NA-27,jamiat ulama-e-pakistan (noorani),45,169216,5277,174492,330921,53.0,2013
nankana,NA-118,tehreek-e-labbaik pakistan,49345,0,0,0,0,58.64,2018
faisalabad,NA-78,independent,950,177008,12488,188935,301973,62.57,2013
islamabad,NA-49,jamaat-e-islami pakistan,9968,214364,1406,216008,334241,64.36,2013
tribal,NA-44,independent,9042,0,0,0,0,25.32,2018
buner,NA-28,jamiat ulama-e-pakistan (noorani),306,123029,5188,126255,360019,35.07,2013
gujranwala,NA-79,pakistan peoples party parlimentarian,8910,0,0,0,0,54.66,2018
tribal,NA-49,independent,50,0,0,0,0,20.71,2018
lahore,NA-124,tehreek-e-labbaik pakistan,14832,0,0,0,0,48.5,2018
rawalpindi,NA-51,all pakistan muslim league,203,239527,5815,245342,452466,54.22,2013
narowal,NA-115,independent,277,142358,5748,148106,247582,57.5,2013
islamabad,NA-48,sunni ittehad council,39,173189,1042,173968,292142,59.55,2013
abbottabad,NA-18,pakistan awami tehreek,3516,114080,3200,117280,323694,36.23,2002
mardan,NA-9,independent,282,57054,1063,80816,262042,30.8,2008
bhakkar,NA-98,pakistan awami raj,797,0,0,0,0,67.98,2018
tribal,NA-44,independent,72,0,0,0,0,25.32,2018
peshawar,NA-1,pakistan peoples party (shaheed bhutto),232,88325,629,88913,387083,22.97,2008
mansehra,NA-20,pakistan peoples party parlimentarian,8114,155114,3669,158783,437390,36.02,2008
badin,NA-229,pakistan peoples party parlimentarian,96977,195265,8178,203443,384150,52.96,2018
tribal area,NA-37,independent,8,87090,206,87296,141190,61.82,2008
rajanpur,NA-195,independent,1696,0,0,0,0,63.52,2018
sialkot,NA-113,pakistan muslim league (n),77819,155414,5996,161406,292273,55.02,2008
mianwal,NA-71,independent,277,216394,7988,222919,386930,57.61,2013
gujrat,NA-70,independent,128,0,0,0,0,49.74,2018
mardan,NA-11,tehreek-e-ittehad ummat pakistan,327,132539,3970,136212,329285,42.0,2013
shaheed,NA-213,muttahida majlis-e-amal pakistan,4433,0,0,0,0,46.86,2018
gujranwala,NA-95,independent,9,166280,2961,169135,318739,53.06,2013
lahore,NA-123,independent,3,0,0,0,288994,0.0,2008
tribal area,NA-45,independent,20,19698,348,20046,91361,21.94,2002
dera ghazi khan,NA-172,pakistan muslim league,19558,158239,5608,163652,345974,47.3,2013
lakki,NA-36,independent,143,0,0,0,0,50.06,2018
karachi,NA-241,sunni tehreek,2360,73634,924,74558,201562,37.0,2002
upper dircumlower dir old upper dir,NA-33,pakistan peoples party parlimentarian,27594,69951,2020,71678,267936,26.75,2008
karak,NA-15,pakistan peoples party parlimentarian,2313,110588,2636,113127,291693,38.78,2008
mandi bahauddin,NA-109,independent,4637,210501,6445,212922,384637,55.36,2013
karachi,NA-254,pakistan tehreek-e-insaf,416,79163,1191,80354,230917,34.8,2002
multan,NA-151,pakistan peoples party parlimentarian,64364,126275,1502,127777,351092,38.85,2008
attock,NA-55,pakistan peoples party parlimentarian,10936,0,0,0,0,53.47,2018
chakwal,NA-61,pakistan tehreek-e-insaf,45892,275247,9752,272744,443677,61.0,2013
toba tek singh,NA-92,pakistan muslim league (n),57203,169210,4126,172541,286827,60.15,2008
gujrat,NA-107,pakistan muslim league,74062,183291,2019,185310,402898,45.99,2008
peshawar,NA-27,muttahida majlis-e-amal pakistan,39310,0,0,0,0,45.83,2018
bahawalpur,NA-186,pakistan muslim league,66757,156295,5103,160886,345653,46.54,2008
sialkot,NA-75,independent,57571,0,0,0,0,55.84,2018
tharparkar,NA-222,independent,1968,0,0,0,0,70.91,2018
lahore,NA-120,pakistan muslim league (n),65946,96275,1160,97433,268552,36.28,2008
kasur,NA-138,pakistan muslim league (n),109385,259091,7657,266748,427605,62.38,2018
nowshera,NA-6,pakistan peoples party parlimentarian,5121,136313,5025,140891,299273,47.08,2013
khanewal,NA-159,pakistan muslim league (q),80688,160150,2602,162752,297622,54.68,2002
tribal,NA-49,muttahida majlis-e-amal pakistan,7794,36429,501,26930,178293,20.71,2018
tribal,NA-46,pakistan peoples party parlimentarian,21461,73337,1135,74472,172497,43.17,2018
bahawalpur,NA-185,national alliance,30361,100602,2683,103285,274790,37.59,2002
sahiwal,NA-163,national alliance,39312,126936,4070,131006,259416,50.5,2002
gujranwala,NA-97,independent,5145,167431,4228,171510,328632,52.18,2013
peshawar,NA-3,pakistan tehreek-e-insaf,66528,173647,5276,177823,384086,46.3,2013
karachi,NA-250,pakistan tehreek-e-insaf,3176,68283,952,69235,205400,33.7,2002
sargodha,NA-91,pakistan muslim league (n),110525,265560,6733,272293,457921,59.45,2018
sargodha,NA-68,independent,629,223031,7280,223784,373233,59.96,2013
karachi,NA-253,independent,29,152843,2744,156342,398527,39.22,2008
karachi,NA-242,muttahida qaumi movement,62690,98243,1092,99335,221227,44.9,2002
sukkurcumshikarpur,NA-199,independent,98,151680,5124,156814,273483,57.35,2013
charsadda,NA-7,muttahidda majlis-e-amal,55917,87281,2099,89380,242084,36.92,2002
karachi,NA-242,muttahida qaumi movement,62690,98243,1092,99335,221227,44.9,2002
zhob cum killa saifullah,NA-264,pakistan peoples party parlimentarian,720,47703,2879,50582,198124,25.5,2002
toba tek singh,NA-92,pakistan national muslim league,36871,216146,8058,218731,354476,60.7,2013
tribal,NA-50,independent,40,0,0,0,0,33.0,2018
faisalabad,NA-84,pakistan muslim league (n),33455,89310,1571,90881,257162,35.34,2002
rawalpindi,NA-55,pakistan muslim league (n),63888,118484,1013,0,333928,0.0,2008
faisalabad,NA-102,pakistan tehreek-e-insaf,109708,266192,6737,272926,499195,54.67,2018
karachi,NA-239,independent,113,74450,1323,75773,228031,33.2,2002
faisalabad,NA-76,independent,168,185170,6346,191686,329266,58.21,2013
hyderabadii old hyderabad,NA-220,mutahida deeni mahaz,4410,163135,1521,164656,274281,60.03,2013
karachi,NA-253,muttahida qaumi movement,25960,79703,1101,80804,249365,32.4,2002
tribal,NA-42,pakistan tehreek-e-insaf,22717,0,0,36,29855,0.0,2018
gujrat,NA-104,pakistan tehreek-e-insaf,410,154009,4313,158322,303985,52.08,2002
muzaffargarh,NA-178,independent,45,120939,1222,122161,283523,43.08,2008
kamber shahdadkot old larkana,NA-206,independent,56,75181,2392,77573,148797,52.0,2008
swab,NA-13,independent,1165,155745,4191,159276,362779,43.9,2013
khanewal,NA-156,pakistan muslim league,71381,147362,3854,150895,247583,60.94,2008
khanewal,NA-156,pakistan peoples party parlimentarian,86438,150940,3048,153988,291062,52.91,2002
islamabad,NA-49,independent,74,214364,1406,216008,334241,64.36,2013
rahim yar khan,NA-197,muttahida qaumi movement,863,191071,5928,195429,328977,59.41,2013
nankana,NA-117,pakistan muslim league (n),71891,233850,6456,240306,411484,58.4,2018
tribal area,NA-46,independent,279,16896,142,0,0,0.0,2013
tribal area,NA-39,independent,8,47602,231,47833,125687,38.05,2013
okara,NA-142,pakistan peoples party parlimentarian,4013,0,0,0,0,56.81,2018
lahore,NA-124,all pakistan muslim league,20,171312,2431,174436,322562,53.56,2013
rajanpur,NA-194,muttahida majlis-e-amal pakistan,2846,0,0,0,0,59.9,2018
shangla,NA-31,awami national party,15740,67319,2867,68650,263581,26.04,2008
bahawalpur,NA-187,pakistan muslim league (n),77860,144746,3866,148572,317589,46.78,2008
multan,NA-153,pakistan muslim league,69246,158217,6271,164485,350676,46.91,2008
chiniot,NA-99,pakistan peoples party parlimentarian,22324,0,0,0,0,55.56,2018
karachi,NA-245,mohajar qaumi movement pakistan,229,102481,1106,103587,255754,40.5,2002
tribal,NA-42,jamiat ulama-e-islam pakistan (s),216,0,0,0,0,0.0,2018
jacobabad,NA-208,pakistan peoples party parlimentarian,40147,70722,3006,73728,252842,29.2,2002
khushab,NA-69,national alliance,71925,147730,5041,152771,274728,55.61,2002
mandi,NA-86,pakistan peoples party parlimentarian,24129,0,0,0,0,55.05,2018
tribal area,NA-46,independent,50,22248,195,22443,94208,23.8,2008
kasur,NA-137,pakistan muslim league (n),121207,265668,8499,274167,465431,58.91,2018
mandi bahauddin,NA-109,pakistan peoples party parlimentarian,71424,158501,5143,163644,362887,45.1,2002
tribal area,NA-47,independent,277,48139,457,48217,121265,39.76,2013
peshawar,NA-2,jamaat-e-islami pakistan,8020,141790,2408,142031,336122,43.45,2013
kasur,NA-141,pakistan muslim league (q),57063,107743,3189,110932,256425,43.26,2002
hafizabad,NA-103,independent,76199,162738,4852,165135,259256,63.69,2013
tribal,NA-47,pakistan awami inqelabi league,88,0,0,0,0,32.87,2018
lahore,NA-128,independent,163,220114,3174,220976,418384,64.0,2013
sialkot,NA-74,pakistan tehreek-e-insaf,93734,0,0,0,0,55.4,2018
gujranwala,NA-80,allah-o-akbar tehreek,5836,0,0,0,0,53.36,2018
multan,NA-152,pakistan muslim league (q),36335,116710,2143,118853,279550,42.52,2002
sahiwal,NA-160,muttahida qaumi movement,85,181987,5042,186361,306875,60.73,2013
dera ghazi khan,NA-171,pakistan muslim league (q),82310,137790,3973,141763,314919,45.02,2002
karachi,NA-257,independent,75,185901,6,188363,386376,48.75,2008
mirpurkhas,NA-228,pakistan peoples party parlimentarian,58161,111243,2999,114242,261464,43.7,2002
karachi,NA-250,independent,56,101731,2445,104179,344657,30.22,2008
chagai,NA-268,tehreek-e-labbaik islam,32,0,0,0,0,20.58,2018
rahimyar khan,NA-193,independent,877,134669,4449,139069,356244,39.03,2008
chakwal,NA-61,pakistan muslim league (n),104739,148918,3494,226985,395039,38.42,2008
khanewal,NA-156,punjab national party,869,147362,3854,150895,247583,60.94,2008
karachi,NA-249,grand democratic alliance,228,0,0,0,0,39.58,2018
rahim yar khan,NA-196,independent,914,196641,5154,200854,342027,58.72,2013
kalatcummastung,NA-268,pakistan peoples party parlimentarian,19355,62833,2682,65505,210875,31.06,2008
lodhran,NA-154,pakistan muslim league,81983,168986,3783,172731,260489,66.31,2008
jhangi old na jhang,NA-89,independent,345,168977,4441,171418,290555,59.0,2013
sukkur cum shikarpur,NA-198,pakistan peoples party parlimentarian,74086,107595,2465,110038,265679,41.41,2008
karachi,NA-249,pakistan peoples party parlimentarian,73324,180748,1709,182584,388099,47.0,2008
faisalabad,NA-76,independent,166,139108,4543,143616,255928,56.11,2008
peshawar,NA-4,jamiat ulama-e-islam (f),12519,138555,3707,142160,352416,40.34,2013
tribal area,NA-44,independent,1264,23221,847,24062,136052,17.69,2008
nankana sahibii cumsheikhupura old sheikhupura,NA-136,independent,561,168173,6739,174787,285503,61.22,2013
karach,NA-252,muttahida qaumi movement,91339,166838,4790,171628,321191,53.43,2013
rahimyar khan,NA-196,independent,254,140670,4552,145143,352887,41.01,2008
okara,NA-144,independent,605,118044,4080,122143,301559,40.5,2008
narowal,NA-77,independent,1259,0,0,0,0,54.86,2018
lahore,NA-131,independent,93,0,0,0,0,52.59,2018
attock,NA-57,pakistan muslim league (q),39921,102410,3773,106183,243306,43.64,2002
tribal,NA-42,independent,185,0,0,0,0,0.0,2018
multan,NA-157,pakistan tehreek-e-insaf,77371,219522,4233,223755,390725,57.27,2018
tribal,NA-46,independent,99,0,0,0,0,43.17,2018
shikarpur,NA-198,independent,240,0,0,0,0,50.13,2018
tribal area,NA-36,independent,393,22873,390,23263,126007,18.15,2008
toba,NA-111,pakistan muslim league (n),110556,246568,9687,256255,439361,58.32,2018
kasur,NA-142,pakistan muslim league,47192,119693,4159,123849,225459,54.93,2008
gujranwala,NA-99,pakistan muslim league (n),60219,145824,3981,149805,342054,43.8,2008
lahore,NA-123,independent,12,0,0,0,288994,0.0,2008
gujrat,NA-68,pakistan muslim league,104678,234318,6334,240652,453990,53.01,2018
kechcumgwadar,NA-272,pakistan muslim league (n),942,41881,1139,42722,267667,29.56,2013
tribal area,NA-37,independent,0,93968,518,94484,162660,58.09,2013
rawalpindi,NA-56,independent,40,160363,1479,161627,288423,56.04,2013
mirpurkhas,NA-227,independent,189,106907,3331,110238,259929,42.4,2002
gujranwala,NA-95,jamaat-e-islami pakistan,2919,166280,2961,169135,318739,53.06,2013
lahore,NA-123,independent,17,0,0,0,288994,0.0,2008
jhang,NA-89,independent,36,112947,3525,116472,244542,47.63,2002
bahawalpur,NA-171,pakistan muslim league (n),99202,236452,6255,242707,404823,59.95,2018
gujranwala,NA-98,independent,608,201776,6170,206591,363205,56.88,2013
rawalpindi,NA-55,pakistan human rights party,944,177341,2524,179731,324022,55.47,2013
tank,NA-37,independent,4779,0,0,0,0,43.7,2018
chakwal,NA-61,independent,101664,194260,3883,198143,358593,55.26,2002
multan,NA-152,pakistan muslim league (n),81015,191113,3641,194063,332921,58.29,2013
tribal,NA-48,independent,19,0,0,0,0,23.32,2018
gujranwala,NA-95,pakistan muslim league (n),51705,107847,2113,109921,328711,33.4,2008
multan,NA-150,pakistan muslim league (n),22387,77608,1585,79193,287894,27.51,2002
tribal area,NA-37,independent,9,93968,518,94484,162660,58.09,2013
shikarpur,NA-203,pakistan peoples party parlimentarian,26084,88121,1535,89656,227629,39.4,2002
jhang  cumchiniot old na jhang,NA-88,mutahida deeni mahaz,909,172084,7309,179393,277976,64.54,2013
hangu,NA-16,independent,382,64933,1657,65140,214703,30.81,2013
toba,NA-113,pakistan tehreek-e-insaf,128274,254969,7879,262848,438842,59.9,2018
lahore,NA-133,independent,49,0,0,0,0,51.89,2018
nowshera,NA-6,awami national party,9355,65993,2467,68460,194949,35.12,2002
toba tek singh,NA-93,independent,113,221817,5795,227220,352845,64.4,2013
mandi,NA-85,independent,1848,0,0,0,0,53.45,2018
karachi,NA-253,muttahida qaumi movement,96973,152843,2744,156342,398527,39.22,2008
lahore,NA-119,independent,180,75965,971,76936,280155,27.46,2002
sheikhupura,NA-121,pakistan muslim league (n),101622,240240,4976,245216,436660,56.16,2018
muzaffargarh,NA-185,independent,94282,196031,7642,203673,351181,68.0,2018
jhelum,NA-63,pakistan muslim league (n),46722,142818,4589,147407,294278,50.09,2002
pakpattan,NA-166,pakistan tehreek-e-insaf,49270,189344,7151,195901,292076,67.07,2013
tribal area,NA-47,independent,23,48139,457,48217,121265,39.76,2013
lahore,NA-127,millat party,0,160108,2401,161700,330154,49.0,2013
muzaffargarh,NA-180,sairkistan qaumi ittehad,881,182206,5712,181154,296167,61.17,2013
faisalabad,NA-78,independent,45924,177008,12488,188935,301973,62.57,2013
khairpur,NA-210,independent,1129,0,0,0,0,50.21,2018
kohat,NA-14,pakistan muslim league (n),1292,98618,3029,101567,357556,28.41,2008
bhakkar,NA-73,independent,541,217179,13256,230052,336765,68.31,2013
jacobabad  old jacobabad,NA-208,independent,51,74040,2752,76961,271568,28.33,2008
kasur,NA-138,independent,768,132243,4016,135895,232483,58.45,2008
sheikhupura,NA-134,independent,295,110106,3773,113879,247581,46.0,2002
bannu,NA-26,independent,45270,175007,5300,177252,444059,39.0,2013
swat,NA-30,independent,172,158098,7228,165325,460748,35.88,2013
karachi,NA-246,pakistan tehreek-e-insaf,52750,203109,3468,206577,536688,38.49,2018
sukkur,NA-198,independent,53,82245,1665,83910,238761,35.1,2002
umerkot old mirpurkhas,NA-228,pakistan muslim league (f),24210,130986,5958,134389,277564,48.4,2008
peshawar,NA-3,muttahidda majlis-e-amal,33567,67357,1955,69312,226299,30.63,2002
badin,NA-230,independent,1369,0,0,0,0,58.17,2018
kohistan,NA-23,independent,3882,51565,1022,51121,127028,40.24,2013
karachi,NA-255,mohajar qaumi movement pakistan,31096,100230,1217,101447,246368,41.2,2002
tribal,NA-45,pakistan muslim league (z),29,0,0,0,0,35.01,2018
sargodha,NA-67,pakistan peoples party parlimentarian,22323,145378,4665,150043,305379,49.13,2002
badincumtando muhammad khani old badin,NA-224,independent,69,207130,8759,205021,365308,56.1,2013
sargodha,NA-88,pakistan peoples party parlimentarian,12703,0,0,0,0,57.11,2018
kasur,NA-138,independent,446,116211,3545,119756,245303,48.82,2002
mbdin,NA-109,pakistan muslim league,67489,165013,4725,169735,309950,55.0,2008
lahore,NA-123,pakistan muslim league (n),30372,66805,1046,67851,262987,25.8,2002
rahimyar khan,NA-196,pakistan peoples party parlimentarian,52090,140670,4552,145143,352887,41.01,2008
okara,NA-146,independent,445,163583,5910,169396,278408,60.84,2013
nawabshah,NA-214,national alliance,46188,110802,2754,113556,305810,37.1,2002
killa abdullah,NA-262,pakistan peoples party parlimentarian,27548,136235,1492,135268,392221,34.48,2008
islamabad,NA-48,independent,135,173189,1042,173968,292142,59.55,2013
lahore,NA-123,pakistan muslim league (n),44146,0,0,0,288994,0.0,2008
tribal area,NA-46,independent,250,22248,195,22443,94208,23.8,2008
okara,NA-144,all pakistan muslim league,1347,169090,4164,171245,293394,58.0,2013
swabi,NA-12,awami national party,49574,108846,3041,111398,283709,39.26,2008
jhelum,NA-62,pakistan tehreek-e-insaf,827,148053,2828,150881,290079,52.01,2002
gujranwala,NA-95,pakistan peoples party parlimentarian,28024,81099,2212,83311,247002,33.73,2002
ghotki,NA-200,independent,195,142454,7101,149555,296064,50.51,2008
rawalpindi,NA-53,independent,66900,145335,3311,148646,291549,50.98,2002
gujranwala,NA-81,pakistan muslim league (n),130837,247206,5547,252753,499681,50.58,2018
muzaffargarh,NA-176,independent,244,205915,9337,210934,338237,62.0,2013
mandi bahauddin,NA-109,pakistan muslim league (n),135501,210501,6445,212922,384637,55.36,2013
mardan,NA-11,jamiat ulama-e-pakistan (noorani),220,132539,3970,136212,329285,42.0,2013
sargodha,NA-90,independent,1627,0,0,0,0,52.97,2018
chitral,NA-1,pakistan muslim league (n),21016,0,0,0,0,60.97,2018
rajanpur,NA-194,independent,1529,0,0,0,0,59.9,2018
multan,NA-149,pakistan peoples party parlimentarian,31085,87083,1168,88251,316900,27.85,2002
pakpattan,NA-165,pakistan muslim league (n),67400,119903,4682,124209,227991,54.48,2008
karachi,NA-246,independent,604,194278,1281,195554,310045,63.07,2008
gujranwala,NA-96,independent,44,154948,2997,154760,303568,52.0,2013
vehari,NA-167,independent,1336,152880,1367,154247,363091,42.48,2008
tribal,NA-51,national party,18,0,0,0,0,41.89,2018
tor ghar cum mansehra,NA-21,independent,1040,172537,5660,177071,392364,45.13,2013
multan,NA-152,independent,393,135092,3599,138691,336035,41.23,2008
peshawar,NA-4,pakistan muslim league,18583,80806,1604,79728,260335,30.62,2008
panjgur,NA-270,balochistan awami party,18568,87644,6152,93796,231726,40.48,2018
tribal area,NA-36,independent,24,22873,390,23263,126007,18.15,2008
tribal,NA-41,allah-o-akbar tehreek,56,0,0,0,0,38.17,2018
loralai,NA-263,pakistan muslim league (n),21385,78657,3087,81744,272509,30.0,2002
narowal,NA-116,pakistan muslim league,37138,114350,6537,120887,224956,53.73,2008
karach,NA-251,muttahida qaumi movement,81603,168022,1470,169492,342155,49.53,2013
faisalabad,NA-78,pakistan muslim league (n),88162,177008,12488,188935,301973,62.57,2013
lahore,NA-128,jamaat-e-islami pakistan,9483,220114,3174,220976,418384,64.0,2013
quetta cum chagai cum mastung,NA-260,muttahidda majlis-e-amal,39013,100421,5073,105494,369216,28.6,2002
chiniot,NA-100,pakistan muslim league (n),76415,216487,7197,223684,362673,61.68,2018
khanewal,NA-150,independent,5551,0,0,0,0,59.87,2018
swat,NA-4,muttahida majlis-e-amal pakistan,17542,0,0,0,0,39.22,2018
tribal,NA-40,pakistan tehreek-e-insaf,34616,102689,1843,104532,255579,40.9,2018
gujranwala,NA-98,pakistan tehreek-e-insaf,20778,201776,6170,206591,363205,56.88,2013
bahawalpur,NA-184,jamaat-e-islami pakistan,987,171487,4998,176458,291600,60.51,2013
faisalabad,NA-82,independent,346,200368,2805,203173,343634,59.12,2013
islamabad,NA-49,pakistan peoples party parlimentarian,47884,107241,1255,108496,196177,55.31,2002
islamabad,NA-54,pakistan tehreek-e-insaf,56945,117747,932,118679,218795,54.24,2018
faisalabad,NA-110,independent,113,0,0,0,0,57.01,2018
gujrat,NA-105,independent,262,146179,3638,150621,332332,45.32,2008
narowal,NA-117,independent,130,113809,4247,118055,213474,55.3,2008
faisalabad,NA-77,pakistan muslim league (n),98057,175444,5667,180589,294667,61.48,2013
rawalpindi,NA-51,pakistan muslim league (n),56381,206717,3503,211893,390375,54.28,2008
okara,NA-144,independent,392,0,0,0,0,57.42,2018
tribal area,NA-41,independent,2456,26188,844,27032,86598,31.22,2002
swabi,NA-12,independent,49872,108846,3041,111398,283709,39.26,2008
karachi,NA-240,awami national party,1815,86444,892,87336,222359,39.3,2002
sheikhupuraiicumnankana sahib old  sheikhupura,NA-132,independent,199,160238,5378,165569,291232,56.85,2013
sheikhupurcumsukkurcumlarkanaold shikarpur,NA-203,jamiat ulama-e-islam (f),8861,130511,4500,135011,228663,59.24,2013
tribal area,NA-46,jamaat-e-islami pakistan,1027,16896,142,0,0,0.0,2013
dera,NA-191,muttahida qaumi movement,169,0,0,0,0,50.54,2018
peshawar,NA-29,pakistan tehreek-e-insaf,49762,125538,4619,130157,320401,40.62,2018
islamabad,NA-48,muttahida qaumi movement,370,104409,548,104902,239924,43.72,2008
muzaffargarh,NA-181,pakistan tehreek-e-insaf,48858,0,0,0,0,62.56,2018
attock,NA-56,pakistan tehreek-e-insaf,163325,389806,10143,339949,638937,52.5,2018
nankana,NA-117,independent,316,0,0,0,0,58.4,2018
tribal area,NA-41,independent,12,37461,706,0,92719,0.0,2013
tribal,NA-46,independent,13,0,0,0,0,43.17,2018
gujrat,NA-70,pakistan peoples party parlimentarian,42508,0,0,0,0,49.74,2018
nawabshah,NA-214,pakistan peoples party parlimentarian,81194,131321,4699,133446,283305,47.1,2008
karach,NA-246,awami muslim league pakistan,687,186355,15946,189405,357781,51.63,2013
lodhran,NA-160,pakistan muslim league (n),125740,267535,6984,274519,456024,60.2,2018
swat,NA-30,awami national party,15595,158098,7228,165325,460748,35.88,2013
vehari,NA-167,pakistan peoples party parlimentarian,74308,152880,1367,154247,363091,42.48,2008
mansehra,NA-13,tehreek-e-labbaik pakistan,4731,0,0,0,0,59.66,2018
lahore,NA-123,independent,359,66805,1046,67851,262987,25.8,2002
sahiwal,NA-160,pakistan peoples party parlimentarian,53174,110701,2819,113520,263042,43.16,2002
larkanacumshikharpurcumkamber shahdadkot old larkana,NA-207,independent,90,144959,8444,153393,282819,54.24,2013
sahiwal,NA-162,pakistan muslim league (n),75579,165517,4182,169699,294702,57.58,2008
jhelum,NA-67,pakistan tehreek-e-insaf,93102,205262,4409,209671,404212,51.87,2018
nankana sahibcum sheikhupura old sheikhupura,NA-136,independent,182,116174,4634,120546,219843,54.83,2008
lahore,NA-122,jamiatulema-e-pakistan(nifaz-e-shariat),581,92009,1248,93257,279245,33.4,2002
nowshera,NA-5,pakistan peoples party parlimentarian,31907,94570,2701,97234,263153,37.0,2008
tribal area,NA-47,independent,1840,48139,457,48217,121265,39.76,2013
khuzdar,NA-269,independent,253,58663,4201,62852,186598,33.68,2008
ghotki,NA-201,independent,917,104775,4284,109059,285481,38.2,2002
rajanpur,NA-175,pakistan peoples party parlimentarian,78427,132214,5573,137472,285365,48.17,2008
faisalabad,NA-101,allah-o-akbar tehreek,5343,0,0,0,0,58.19,2018
lahore,NA-128,pakistan peoples party parlimentarian,31175,92656,3034,95690,244140,39.19,2002
karachi,NA-254,independent,50,79163,1191,80354,230917,34.8,2002
haripur,NA-17,pakistan tehreek-e-insaf,172609,334580,8862,343442,657648,52.22,2018
chiniotii cumjhang old na jhang,NA-87,jamaat-e-islami pakistan,11123,206990,8488,215478,367617,58.61,2013
tribal area,NA-40,independent,5201,34638,591,35254,126453,27.87,2008
rahimyar,NA-176,pakistan muslim league (n),78536,211149,5080,216229,394282,54.84,2018
layyah,NA-188,independent,1974,0,0,0,0,64.02,2018
bhakkar,NA-73,independent,83850,173224,6317,179271,266265,67.0,2008
okara,NA-143,pakistan muslim league (n),15265,124135,4627,128762,280597,45.88,2008
sialkot,NA-72,pakistan tehreek-e-insaf,91393,0,0,0,0,58.11,2018
multan,NA-158,pakistan muslim league (n),73218,0,0,0,0,56.76,2018
vehar,NA-170,pakistan muslim league (n),83895,197980,5763,203104,319983,63.47,2013
peshawar,NA-3,jamaat-e-islami pakistan,11954,173647,5276,177823,384086,46.3,2013
nanka sahibi old sheikhupura,NA-135,independent,1510,124469,6006,124469,227137,54.79,2008
quetta,NA-259,muttahida qaumi movement,711,73810,1691,75501,310948,24.3,2002
okara,NA-142,pakistan muslim league (n),140733,235192,4460,239652,421873,56.81,2018
tribal,NA-44,independent,45,0,0,0,0,25.32,2018
toba,NA-111,independent,199,0,0,0,0,58.32,2018
faisalabad,NA-109,tehreek-e-labbaik pakistan,9975,0,0,0,0,58.05,2018
multan,NA-152,independent,254,135092,3599,138691,336035,41.23,2008
sukkur,NA-206,muttahida majlis-e-amal pakistan,14161,0,0,0,0,58.14,2018
lahore,NA-136,independent,2555,0,0,0,0,56.08,2018
rawalpindi,NA-61,front national (pakistan),233,0,0,0,0,51.38,2018
charsadda,NA-8,pakhtoonkhwa milli awami party,929,139141,4625,143540,327423,43.63,2013
tribal,NA-43,muttahida majlis-e-amal pakistan,4880,0,0,0,0,37.9,2018
toba tek singh,NA-94,pakistan muslim league,63444,184430,6040,189920,314704,60.34,2008
shikarpur old shikarpur,NA-202,muttahidda majlis-e-amal,12521,101773,4577,106350,275349,38.62,2008
tribal area,NA-43,pakistan muslim league (n),1690,42901,1378,44051,168514,26.14,2013
tribal,NA-49,independent,2129,0,0,0,0,20.71,2018
tribal,NA-41,pakistan tehreek-e-insaf,22730,88439,2073,90512,237153,38.17,2018
tribal,NA-45,independent,132,0,0,0,0,35.01,2018
lower dir,NA-34,pakistan tehreek-e-insaf,45066,149331,5364,152181,504694,30.15,2013
bannu,NA-26,independent,4594,175007,5300,177252,444059,39.0,2013
faisalabad,NA-77,pakistan muslim league (n),98057,175444,5667,180589,294667,61.48,2013
faisalabad,NA-83,pakistan peoples party parlimentarian,56910,140145,3059,143202,311576,45.96,2008
mardan,NA-20,pakistan peoples party parlimentarian,36312,0,0,0,0,45.16,2018
multan,NA-152,pakistan muslim league (n),36870,116710,2143,118853,279550,42.52,2002
jacobabad,NA-209,muttahida qaumi movement,495,92836,2999,95835,281410,34.1,2002
rahimyar,NA-175,pakistan tehreek-e-insaf,96967,236534,6210,242744,429706,56.49,2018
abbottabad,NA-17,pakistan muslim league (q),44716,109254,3375,112629,284297,39.62,2002
peshawar,NA-2,pakistan peoples party(sherpao),926,56000,1367,57367,216587,26.49,2002
rawalpindi,NA-61,pakistan tehreek-e-insaf,105000,186062,2898,188980,367782,51.38,2018
karachi,NA-257,independent,99,105413,1630,107043,256535,41.7,2002
sukkur,NA-198,independent,69,82245,1665,83910,238761,35.1,2002
muzaffargarh,NA-184,pakistan tehreek-e-insaf,34929,0,0,0,0,58.52,2018
toba tek singh,NA-94,independent,108,170131,4818,174949,344077,50.85,2002
buner,NA-9,pakistan tehreek-e-insaf,58037,173336,7632,180968,445474,40.62,2018
upper,NA-5,all pakistan muslim league,1910,0,0,0,0,48.26,2018
tribal area,NA-47,independent,33,48139,457,48217,121265,39.76,2013
sialkot,NA-74,pakistan muslim league (n),97235,254678,8928,263807,475866,55.4,2018
lower,NA-6,tehreek-e-labbaik pakistan,3166,0,0,0,0,48.9,2018
gujrat,NA-106,independent,218,213817,6893,222983,413565,53.91,2013
tribal area,NA-44,independent,1277,28046,923,28969,131926,21.96,2002
zhobcumsheranicum killa saifullah,NA-264,independent,511,92925,5918,96953,215250,45.04,2013
attock,NA-57,pakistan muslim league (n),38755,127533,7010,134339,275468,48.76,2008
dera,NA-189,tehreek-e-labbaik pakistan,2957,0,0,0,0,52.35,2018
karach,NA-250,independent,95,124309,1836,0,365531,35.48,2013
chiniotii cumjhang old na jhang,NA-87,independent,528,206990,8488,215478,367617,58.61,2013
karachi,NA-255,nizam-e-mustafa party,4164,100230,1217,101447,246368,41.2,2002
tribal area,NA-39,independent,12,47602,231,47833,125687,38.05,2013
jhelum,NA-67,muttahida majlis-e-amal pakistan,549,0,0,0,0,51.87,2018
vehari,NA-167,pakistan muslim league (n),32314,152880,1367,154247,363091,42.48,2008
swat,NA-29,jamiat ulama-e-pakistan (noorani),1068,178857,6237,184299,521072,35.37,2013
hyderabadi old hyderabad,NA-219,muttahida qaumi movement,168136,195883,1895,197778,352697,56.08,2008
sahiwal,NA-149,pakistan tehreek-e-insaf,137632,278627,4433,283060,497331,56.92,2018
rawalpindi,NA-54,pakistan peoples party parlimentarian,13185,165049,1801,166523,300816,55.36,2013
lahore,NA-127,independent,170,160108,2401,161700,330154,49.0,2013
abbottabad,NA-17,pakistan tehreek-e-insaf,96549,187753,3932,191061,338273,56.48,2013
sahiwal,NA-162,independent,104,165517,4182,169699,294702,57.58,2008
hyderabad,NA-222,pakistan muslim league (n),81,92505,1794,94299,262149,36.0,2002
tribal area,NA-47,independent,2047,47706,402,46123,131222,35.14,2008
tribal area,NA-44,independent,16,58959,1502,60000,185040,32.43,2013
hangu,NA-33,pakistan tehreek-e-insaf,28819,77891,3424,81318,275947,28.47,2018
okara,NA-141,independent,2146,0,0,0,0,60.23,2018
swat,NA-4,pakhtoonkhwa milli awami party,1464,0,0,0,0,39.22,2018
mardan,NA-9,independent,92,57054,1063,80816,262042,30.8,2008
tribal,NA-47,independent,118,0,0,0,0,32.87,2018
tribal area,NA-36,pakistan muslim league,28,53017,66,53083,179304,29.92,2013
sukkur,NA-199,pakistan peoples party (shaheed bhutto),750,108113,3008,111121,286117,38.8,2002
gujrat,NA-69,independent,4504,0,0,0,0,46.6,2018
shangla,NA-10,awami workers party,1200,0,0,0,0,34.27,2018
swabi,NA-19,pakistan muslim league (n),13977,0,0,0,0,45.67,2018
lodhran,NA-155,independent,79977,153001,1123,154124,272048,56.65,2008
tribal area,NA-40,independent,11,28600,289,28889,96448,29.95,2002
lahore,NA-119,independent,339,153892,1818,155655,305570,50.93,2013
bahawalpur,NA-186,pakistan muslim league (n),11812,138255,3245,141500,287829,49.16,2002
shangla,NA-31,pakistan muslim league (n),30916,92744,4093,93978,296723,31.67,2013
multan,NA-151,independent,61,198619,4945,199970,362313,56.0,2013
lahore,NA-125,independent,267,75593,1120,76713,255313,30.05,2002
sargodha,NA-65,pakistan tehreek-e-insaf,8885,189710,6947,201449,323341,62.3,2013
tribal,NA-42,qaumi watan party,76,0,0,0,0,0.0,2018
pakpattan,NA-145,muttahida majlis-e-amal pakistan,1576,0,0,0,0,57.62,2018
sargodha,NA-89,independent,2694,0,0,0,0,58.93,2018
islamabad,NA-49,pakistan tehreek-e-insaf,57383,214364,1406,216008,334241,64.36,2013
karachi,NA-251,independent,150,77719,119,77838,210491,37.0,2002
islamabad,NA-48,independent,42,104409,548,104902,239924,43.72,2008
faisalabad,NA-82,awami workers party,1619,200368,2805,203173,343634,59.12,2013
peshawar,NA-3,independent,85,90895,2566,93241,257192,36.25,2008
khushab,NA-93,independent,23482,0,0,0,0,57.86,2018
rawalpindi,NA-53,pakistan muslim league (n),72257,175409,4509,179918,343853,52.32,2008
tribal area,NA-47,independent,6,48139,457,48217,121265,39.76,2013
islamabad,NA-48,independent,691,104409,548,104902,239924,43.72,2008
tribal,NA-45,independent,8,0,0,0,0,35.01,2018
gujranwala,NA-95,millat party,0,166280,2961,169135,318739,53.06,2013
jhelum,NA-62,all pakistan muslim league,153,215830,6580,216920,389451,55.69,2013
tribal area,NA-45,independent,1340,69541,1007,69868,175036,39.92,2013
multan,NA-148,independent,195,138099,0,150402,344896,43.6,2008
matiaricumhyderabad old hyderabad,NA-218,pakistan peoples party parlimentarian,95724,176312,5324,181432,288653,62.85,2013
abbottabad,NA-16,independent,236,0,0,0,0,49.84,2018
tribal,NA-48,independent,2889,0,0,0,0,23.32,2018
tribal area,NA-39,independent,8,47602,231,47833,125687,38.05,2013
lahore,NA-124,independent,260,171312,2431,174436,322562,53.56,2013
rawalpindi,NA-57,pakistan tehreek-e-insaf,136249,322692,3908,326600,590372,55.32,2018
hangu,NA-16,awami national party,5234,44976,1249,46225,160984,28.71,2002
faisalabad,NA-75,independent,97,198540,3841,198044,321768,61.54,2013
peshawar,NA-3,pakistan muslim league (n),22370,173647,5276,177823,384086,46.3,2013
dikhancomtank,NA-25,independent,400,132830,4613,137443,320178,43.0,2008
tribal area,NA-36,independent,74,24648,341,24989,108081,23.12,2002
kasur,NA-140,pakistan muslim league (q),50318,119741,4130,123871,263273,47.05,2002
kohistan,NA-11,independent,27,0,0,0,0,40.89,2018
hafizabad,NA-103,independent,315,162738,4852,165135,259256,63.69,2013
kachhi,NA-267,national alliance,57751,78230,1784,80014,230836,34.7,2002
islamabad,NA-49,awami national party,79,214364,1406,216008,334241,64.36,2013
upper dir,NA-33,muttahidda majlis-e-amal,39362,71934,2581,74515,230952,32.26,2002
tribal area,NA-41,independent,10,37461,706,0,92719,0.0,2013
vehari,NA-164,pakistan tehreek-e-insaf,82084,229456,5569,235025,408197,57.58,2018
mandi,NA-86,pakistan muslim league (n),147105,266521,15588,282089,512410,55.05,2018
jhang,NA-90,independent,64759,130849,4567,135021,273873,49.3,2008
lower dir,NA-34,pakistan peoples party parlimentarian,38068,87451,2746,90029,371903,24.2,2008
pakpattan,NA-165,independent,721,165242,5942,170599,270634,63.03,2013
tribal area,NA-46,independent,57,16559,260,16819,80422,20.91,2002
lahore,NA-129,independent,75,147257,3392,148012,273648,54.08,2013
karachi,NA-251,independent,327,131024,2673,133697,337193,39.64,2008
sialkot,NA-72,pakistan muslim league (n),129041,252907,7015,259922,447309,58.11,2018
mardan,NA-10,muttahidda majlis-e-amal,69726,87691,1713,89404,223817,39.95,2002
gujranwala,NA-98,pakistan muslim league (j),21207,131614,5079,136693,285993,47.8,2002
gujranwala,NA-98,pakistan peoples party parlimentarian,68509,145988,4793,150781,368599,40.96,2008
gujranwala,NA-99,pakistan peoples party parlimentarian,36897,179614,6044,178899,318029,56.25,2013
kasur,NA-138,pakistan muslim league (n),58832,132243,4016,135895,232483,58.45,2008
lower dir,NA-34,independent,163,149331,5364,152181,504694,30.15,2013
rawalpindi,NA-62,awami muslim league pakistan,117719,231691,3859,235560,452930,52.01,2018
attock,NA-58,independent,59067,220811,7137,226165,359058,83.09,2013
rahimyar khan,NA-195,pakistan muslim league (f),81097,102918,1390,144889,335006,43.24,2008
khanewal,NA-158,pakistan muslim league,57777,159769,4137,159659,262562,60.8,2008
tribal area,NA-45,independent,1340,69541,1007,69868,175036,39.92,2013
layyah,NA-187,independent,88225,0,0,0,0,63.45,2018
islamabad,NA-49,all pakistan muslim league,336,214364,1406,216008,334241,64.36,2013
sialkot,NA-111,pakistan peoples party parlimentarian,78925,163783,7536,171317,307465,55.7,2008
karachi,NA-240,muttahida qaumi movement,30408,86444,892,87336,222359,39.3,2002
khairpur,NA-217,pakistan peoples party parlimentarian,54388,107330,3410,110740,290832,38.1,2002
peshawar,NA-3,pakistan peoples party parlimentarian,27038,90895,2566,93241,257192,36.25,2008
faisalabad,NA-75,independent,68,198540,3841,198044,321768,61.54,2013
rahim yar khan,NA-197,independent,300,191071,5928,195429,328977,59.41,2013
muzaffargarh,NA-176,pakistan muslim league (n),42225,142246,4582,146584,275075,53.28,2008
multan,NA-150,pakistan muslim league (n),79680,190785,2155,192888,373331,51.67,2013
sargodha,NA-64,independent,524,176605,5687,181349,429937,42.18,2008
dadui old dadu,NA-232,independent,272,122176,3234,125414,389936,32.0,2008
bahawalnagar,NA-190,pakistan muslim league,70081,151037,3629,154666,316829,48.81,2008
khanewal,NA-158,pakistan muslim league (q),56462,150064,3184,153248,290329,52.78,2002
sargodha,NA-67,independent,400,170981,3496,174471,372351,46.85,2008
tribal,NA-43,pakistan tehreek-e-insaf,33243,84335,1557,85892,226627,37.9,2018
nankana,NA-117,pakistan muslim league (n),71891,233850,6456,240306,411484,58.4,2018
gujranwala,NA-101,independent,2352,161010,4892,165545,377640,43.83,2008
sheikhupuraii old sheikhupura,NA-133,independent,85,97934,3959,101893,222833,45.73,2008
lahore,NA-128,jamaat-e-islami pakistan,9483,220114,3174,220976,418384,64.0,2013
sialkot,NA-75,independent,224,0,0,0,0,55.84,2018
loralaicummusakhelcumbarkhan old loralai,NA-263,muttahida qaumi movement,2599,137762,4405,141854,349596,40.58,2008
rawalpindi,NA-56,independent,59,160363,1479,161627,288423,56.04,2013
karachi,NA-254,pakistan tehreek-e-insaf,416,79163,1191,80354,230917,34.8,2002
toba tek singh,NA-93,independent,99,221817,5795,227220,352845,64.4,2013
rahimyar,NA-180,pakistan peoples party parlimentarian,71988,220665,6957,227640,386772,58.86,2018
lakki marwat,NA-27,muttahidda majlis-e-amal,65938,107109,2078,109187,234619,46.54,2002
rawalpindi,NA-50,pakistan peoples party parlimentarian,74259,168707,2742,171449,358818,47.78,2002
ghotki,NA-201,independent,77950,104775,4284,109059,285481,38.2,2002
kasur,NA-141,independent,278,107743,3189,110932,256425,43.26,2002
panjgur,NA-270,independent,317,0,0,0,0,40.48,2018
rawalpindi,NA-52,pakistan muslim league (n),133143,255828,4329,259631,455186,57.04,2013
tribal area,NA-39,independent,0,47602,231,47833,125687,38.05,2013
rawalpindi,NA-51,pakistan peoples party parlimentarian,80247,206717,3503,211893,390375,54.28,2008
tribal area,NA-37,independent,2,93968,518,94484,162660,58.09,2013
lahore,NA-118,pakistan muslim league (n),55900,92862,1758,94620,250850,37.7,2008
mirpurkhascumumerkot,NA-227,pakistan peoples party parlimentarian,82697,124933,5054,129060,331905,38.8,2008
tribal area,NA-44,independent,4648,23221,847,24062,136052,17.69,2008
matiari,NA-223,pakistan peoples party parlimentarian,109960,179518,5861,185379,342906,54.06,2018
karachi,NA-251,muttahida qaumi movement,23856,77719,119,77838,210491,37.0,2002
islamabad,NA-48,independent,13,173189,1042,173968,292142,59.55,2013
karachi,NA-253,muttahida qaumi movement,25960,79703,1101,80804,249365,32.4,2002
tribal area,NA-38,independent,3,24900,19,24919,87993,28.31,2008
swat,NA-3,jamiat ulma-e-islam nazryati pakistan,1368,0,0,0,0,40.35,2018
tribal area,NA-40,independent,18055,77113,857,77970,160666,48.52,2013
tribal,NA-49,pakistan tehreek-e-insaf,6606,0,0,0,0,20.71,2018
lahore,NA-136,independent,393,0,0,0,0,56.08,2018
nankana sahibiii old sheikhupra,NA-137,independent,22967,169065,6641,175596,287484,61.08,2013
karachi,NA-251,pak sarzameen party,5653,0,0,0,0,43.81,2018
quetta,NA-265,independent,2535,0,0,0,0,36.79,2018
quetta,NA-259,independent,183,60817,1875,62692,365579,17.14,2008
rahimyar khan,NA-197,pakistan muslim league (q),43192,130757,2520,133277,265809,50.14,2002
okara,NA-146,independent,816,133915,5686,139493,311975,44.71,2008
shangla,NA-10,independent,1093,0,0,0,0,34.27,2018
karach,NA-242,pakistan muslim league (n),9462,198288,3475,201670,307684,65.54,2013
karachi,NA-250,pakistan tehreek-e-insaf,36049,146717,3136,149853,400675,37.4,2018
rawalpindi,NA-52,mutahida deeni mahaz,2107,255828,4329,259631,455186,57.04,2013
bahawalpur,NA-170,pakistan tehreek-e-insaf,84495,185464,3112,188576,360608,52.29,2018
muzaffargarh,NA-181,independent,64012,197827,6515,204342,326617,62.56,2018
tribal,NA-50,independent,23530,46810,1332,48142,145872,33.0,2018
sukkur,NA-207,pakistan peoples party parlimentarian,69379,166622,7171,173793,374016,46.47,2018
tribal area,NA-39,independent,35,47602,231,47833,125687,38.05,2013
toba tek singh,NA-94,muttahida qaumi movement,86,242627,8291,246020,385561,63.8,2013
rajanpur,NA-175,independent,73885,214671,14058,227313,355184,64.0,2013
jhelum,NA-62,pakistan peoples party parlimentarian,8186,215830,6580,216920,389451,55.69,2013
sargodha,NA-68,pakistan tehreek-e-insaf,45584,223031,7280,223784,373233,59.96,2013
rahimyar khan,NA-196,muttahidda majlis-e-amal,12706,114817,2878,117695,256278,45.92,2002
bahawalnagar,NA-166,independent,786,0,0,0,0,62.92,2018
tribal area,NA-42,independent,1503,30472,694,31166,122373,25.47,2002
bahawalpur,NA-183,pakistan muslim league (q),51435,110671,3545,114216,271891,42.01,2002
rawalpindi,NA-56,independent,30951,82089,2215,84304,231962,36.34,2002
dera ghazi khan,NA-171,independent,115,162634,7114,169748,381343,44.42,2008
khairpur,NA-217,independent,164,107330,3410,110740,290832,38.1,2002
toba tek singh,NA-93,pakistan muslim league (n),84061,169690,5196,174716,289211,60.41,2008
sheikhupura,NA-136,pakistan muslim league (q),63617,120650,4022,124672,268674,46.4,2002
nawabshah,NA-213,independent,119,162196,4807,166725,350280,47.59,2008
faisalabad,NA-83,pakistan muslim league (q),38278,104403,1553,105956,282919,37.45,2002
khanewal,NA-157,pakistan tehreek-e-insaf,27842,203379,5254,203387,334495,60.8,2013
vehari,NA-170,pakistan muslim league,56816,154733,4640,158850,328176,48.4,2008
lahore,NA-136,independent,674,0,0,0,0,56.08,2018
rawalpindi,NA-52,independent,1111,79175,0,79175,375934,21.06,2008
karachi,NA-251,pakistan muslim league (q),4148,77719,119,77838,210491,37.0,2002
bahawalnagar,NA-189,pakistan muslim league (n),95060,178630,6829,185241,309222,59.88,2013
vehar,NA-169,independent,63,199613,4638,203822,321145,63.46,2013
mianwali,NA-71,muttahidda majlis-e-amal,4817,138050,6018,144068,307223,46.89,2002
chiniot,NA-100,pakistan tehreek-e-insaf,75559,0,0,0,0,61.68,2018
tribal area,NA-47,independent,28,48139,457,48217,121265,39.76,2013
bhakkar,NA-98,pakistan tehreek-e-insaf,138307,287382,7705,295087,434072,67.98,2018
okara,NA-142,pakistan kissan ittehad(ch. anwar),202,0,0,0,0,56.81,2018
mansehra,NA-20,independent,415,221152,8452,226592,415191,54.6,2013
nankana sahibii old sheikhupura,NA-137,independent,54732,124965,5452,130408,234225,55.6,2008
abbottabad,NA-17,pakistan muslim league (safdar),890,187753,3932,191061,338273,56.48,2013
attock,NA-58,pakistan muslim league (q),88784,151777,5230,157007,274639,57.17,2002
gujranwala,NA-96,jamait ahle-hadith pakistan(elahi zaheer),1199,100373,2178,102551,345090,29.7,2008
hangu,NA-16,awami national party,4479,64933,1657,65140,214703,30.81,2013
khairpur,NA-210,pakistan peoples party parlimentarian,90718,182441,10389,192830,384066,50.21,2018
islamabad,NA-53,pakistan tehreek-e-insaf,92891,174976,1480,176456,312142,56.53,2018
tribal,NA-48,independent,23,0,0,0,0,23.32,2018
islamabad,NA-48,majlis wahdat-e-muslimeen pakistan,1125,173189,1042,173968,292142,59.55,2013
kashmore,NA-197,pakistan peoples party parlimentarian,84742,149993,15340,165333,454542,36.37,2018
lahore,NA-123,independent,34,173676,2155,175830,347941,50.53,2013
gujranwala,NA-81,allah-o-akbar tehreek,5411,0,0,0,0,50.58,2018
mardan,NA-10,tehreek-e-pasmanada awam pakistan,1638,157463,4834,161347,321660,51.0,2013
jacobabad,NA-209,pakistan muslim league (q),39024,92836,2999,95835,281410,34.1,2002
attock,NA-59,mutahida deeni mahaz,643,191704,7137,198841,309334,64.0,2013
rawalpindi,NA-61,pakistan awami league,281,0,0,0,0,51.38,2018
sargodha,NA-68,independent,130,223031,7280,223784,373233,59.96,2013
sialkot,NA-112,independent,965,203942,5343,208165,363004,57.34,2013
peshawar,NA-30,pakistan tehreek-e-insaf,73781,122412,3135,125547,308891,40.64,2018
lahore,NA-129,muttahidda majlis-e-amal,783,93717,2437,96154,200935,48.0,2008
faisalabad,NA-84,all pakistan muslim league,1532,180364,4509,184873,308900,59.84,2013
vehari,NA-170,pakistan peoples party parlimentarian,87124,154733,4640,158850,328176,48.4,2008
pakpattan,NA-166,pakistan muslim league (q),58699,121210,3259,124469,249043,49.98,2002
sheikhupura,NA-135,pakistan muslim league (q),47404,117588,3365,120953,247790,48.81,2002
bahawalnagar,NA-188,pakistan peoples party parlimentarian,44861,142799,5542,148311,269766,54.98,2008
tribal,NA-47,pakistan tehreek-e-insaf,11102,53790,1176,54966,167206,32.87,2018
lahore,NA-121,independent,555,197906,3239,201009,388441,51.75,2013
chakwal,NA-60,pakistan muslim league (n),125437,242256,4890,247077,433391,57.0,2008
mansehra,NA-21,independent,4500,0,0,0,424342,0.0,2008
lakki,NA-36,pakistan muslim league (n),448,0,0,0,0,50.06,2018
gujrat,NA-106,independent,55987,213817,6893,222983,413565,53.91,2013
jhangi old na jhang,NA-89,jamhoori wattan party,64,168977,4441,171418,290555,59.0,2013
nawabshah,NA-214,pakistan peoples party parlimentarian,81194,131321,4699,133446,283305,47.1,2008
islamabad,NA-53,independent,30,0,0,0,0,56.53,2018
faisalabad,NA-81,independent,540,206571,5824,212395,344031,61.74,2013
sargodha,NA-91,pakistan peoples party parlimentarian,8037,0,0,0,0,59.45,2018
charsadda,NA-7,independent,574,169170,5113,173869,376144,46.22,2013
mardan,NA-9,independent,519,57054,1063,80816,262042,30.8,2008
bannu,NA-26,muttahidda majlis-e-amal,91484,164463,2792,167114,384896,43.42,2008
bahawalnagar,NA-190,pakistan peoples party parlimentarian,77664,151037,3629,154666,316829,48.81,2008
multan,NA-151,independent,172,198619,4945,199970,362313,56.0,2013
jacobabad,NA-209,pakistan peoples party parlimentarian,52613,92836,2999,95835,281410,34.1,2002
jhelum,NA-62,pakistan muslim league,61524,180242,6134,186272,370090,50.33,2008
mansehra,NA-21,muttahidda majlis-e-amal,46311,103797,1836,105633,310360,34.04,2002
toba tek singh,NA-93,independent,81607,157400,3378,160778,309393,51.97,2002
lahore,NA-127,independent,73,160108,2401,161700,330154,49.0,2013
okara,NA-147,independent,3519,158404,5343,163699,264607,61.86,2013
kharancumwashukcumpanjgurold kharancumpanjg,NA-271,independent,22175,0,0,0,201952,0.0,2008
tribal,NA-51,independent,385,0,0,0,0,41.89,2018
faisalabad,NA-76,pakistan muslim league (n),101797,185170,6346,191686,329266,58.21,2013
khairpur,NA-215,pakistan tehreek-e-insaf,1097,113319,2781,116100,302490,38.4,2002
karak,NA-15,mutahida deeni mahaz,29224,159615,4284,162657,314969,51.64,2013
rahim yar khan,NA-196,independent,82,196641,5154,200854,342027,58.72,2013
rawalpindi,NA-59,independent,601,0,0,0,0,58.78,2018
peshawar,NA-1,independent,156,88325,629,88913,387083,22.97,2008
bahawalpur,NA-174,independent,58092,0,0,0,0,52.68,2018
mansehra,NA-14,pakistan muslim league (n),74889,203976,8033,212009,510931,41.49,2018
okara,NA-146,independent,46941,133915,5686,139493,311975,44.71,2008
tribal,NA-45,independent,8,0,0,0,0,35.01,2018
killa,NA-263,independent,155,0,0,0,0,41.03,2018
kohat,NA-14,pakistan peoples party parlimentarian,7205,95825,3748,99573,317082,31.4,2002
gujranwala,NA-79,pakistan tehreek-e-insaf,118709,0,0,0,0,54.66,2018
ghotki,NA-201,independent,49,104775,4284,109059,285481,38.2,2002
charsadda,NA-7,pakistan muslim league (n),3588,87587,2212,88491,273747,32.32,2008
karachi,NA-256,independent,306,0,0,0,0,41.25,2018
sahiwal,NA-161,independent,506,179683,5821,185145,304942,60.71,2013
abbottabad,NA-17,pakistan tehreek-e-insaf,96549,187753,3932,191061,338273,56.48,2013
dera ghazi khan,NA-171,pakistan muslim league (n),49302,137790,3973,141763,314919,45.02,2002
toba tek singh,NA-92,pakistan muslim league (n),51416,163459,4032,167491,318208,52.64,2002
quetta,NA-259,balochistan national democratic party,8973,73810,1691,75501,310948,24.3,2002
rawalpindi,NA-55,awami national party,142,118484,1013,0,333928,0.0,2008
daduiiold dadu,NA-233,independent,9,179796,5477,185143,310078,67.5,2013
dera,NA-191,independent,31697,0,0,0,0,50.54,2018
kohat,NA-14,muttahidda majlis-e-amal,46130,95825,3748,99573,317082,31.4,2002
lahore,NA-130,independent,3399,157391,3960,158657,290930,54.76,2013
tribal area,NA-43,pakistan muslim league (n),1690,42901,1378,44051,168514,26.14,2013
jhelum,NA-67,independent,1002,0,0,0,0,51.87,2018
dera,NA-189,independent,248,0,0,0,0,52.35,2018
bahawalnagar,NA-190,pakistan muslim league (q),58836,138832,3314,142146,281254,50.54,2002
gujranwala,NA-98,pakistan peoples party parlimentarian,37372,201776,6170,206591,363205,56.88,2013
zhob cum killa saifullah,NA-264,muttahidda majlis-e-amal,20381,47703,2879,50582,198124,25.5,2002
tribal area,NA-36,independent,977,53017,66,53083,179304,29.92,2013
abbottabad,NA-18,mutahida deeni mahaz,9309,181627,6784,187224,336924,55.57,2013
nawabshah,NA-214,pakistan peoples party parlimentarian,60267,110802,2754,113556,305810,37.1,2002
khanewal,NA-159,pakistan peoples party parlimentarian,78255,154589,3901,158452,253131,62.59,2008
mardan,NA-22,pakistan peoples party parlimentarian,13477,0,0,0,0,51.59,2018
mandi bahauddin,NA-109,pakistan muslim league (q),64968,158501,5143,163644,362887,45.1,2002
layyah,NA-181,pakistan muslim league,58797,163166,4241,167325,263128,63.59,2008
bahawalnagar,NA-188,independent,90537,197738,9392,206464,303678,67.99,2013
gujranwala,NA-82,pakistan tehreek-e-insaf,67400,0,0,0,0,52.26,2018
mandi bahauddin,NA-109,pakistan peoples party parlimentarian,71424,158501,5143,163644,362887,45.1,2002
rahim yar khan,NA-193,jamaat-e-islami pakistan,664,159044,5185,163913,288381,56.84,2013
faisalabad,NA-76,independent,82,185170,6346,191686,329266,58.21,2013
kharancumwashukcumpanjgurold kharancumpanjg,NA-271,independent,774,0,0,0,201952,0.0,2008
tribal,NA-44,independent,809,0,0,0,0,25.32,2018
thatta,NA-238,pakistan muslim league (q),70233,116369,2770,119139,286897,41.5,2002
gujranwala,NA-100,pakistan muslim league (n),89826,179845,5324,184883,288271,64.14,2013
larkana,NA-206,national alliance,31841,68960,3005,71965,255723,28.1,2002
lahore,NA-130,independent,24,98851,0,98851,226575,43.62,2008
okara,NA-144,independent,77795,118044,4080,122143,301559,40.5,2008
islamabad,NA-54,national party,3,0,0,0,0,54.24,2018
quetta,NA-259,pakistan peoples party parlimentarian,6675,73810,1691,75501,310948,24.3,2002
sialkot,NA-73,independent,498,0,0,0,0,51.99,2018
okara,NA-147,pakistan muslim league (q),50040,129389,5228,134617,266142,50.58,2002
tribal area,NA-41,independent,9000,30640,600,31240,94077,33.2,2008
bahawalnagar,NA-190,pakistan muslim league (z),966,138832,3314,142146,281254,50.54,2002
hafizabad,NA-102,pakistan tehreek-e-insaf,5653,173811,4298,176958,284417,62.21,2013
rawalpindi,NA-54,pakistan peoples party parlimentarian,31491,82292,1488,83780,209619,39.97,2002
jhang,NA-89,independent,47,125421,5028,129838,312773,41.51,2008
lakki marwat,NA-27,independent,122,123547,3874,126515,266658,47.44,2008
hyderabad,NA-219,muttahida qaumi movement,36755,72032,506,72538,236225,30.7,2002
kasur,NA-139,pakistan muslim league,21012,117709,3663,121313,239473,50.66,2008
tribal area,NA-40,independent,26,77113,857,77970,160666,48.52,2013
mardan,NA-21,awami national party,78911,186797,5790,192687,419713,45.89,2018
rawalpindi,NA-55,pakistan freedom movement,191,177341,2524,179731,324022,55.47,2013
islamabad,NA-48,independent,24,87601,626,88227,187426,47.07,2002
lahore,NA-123,independent,67,173676,2155,175830,347941,50.53,2013
gujranwala,NA-81,independent,483,0,0,0,0,50.58,2018
rawalpindi,NA-53,independent,495,237097,0,236524,382115,61.9,2013
sargodha,NA-92,independent,3681,0,0,0,0,56.81,2018
gujranwala,NA-96,independent,365,89548,2145,91693,248268,36.93,2002
lahore,NA-123,pakistan peoples party parlimentarian,19591,66805,1046,67851,262987,25.8,2002
tribal area,NA-36,independent,43,53017,66,53083,179304,29.92,2013
tribal area,NA-41,independent,13,26188,844,27032,86598,31.22,2002
nawabshah,NA-213,pakistan peoples party parlimentarian,75237,129270,3183,132453,330639,40.06,2002
vehar,NA-167,independent,43703,198894,7685,206152,331598,62.169,2013
tribal,NA-48,tehreek jawanan pakistan,213,0,0,0,0,23.32,2018
lahore,NA-122,independent,30,182104,2175,184151,326028,58.48,2013
sheikhupura,NA-132,pakistan muslim league (n),51159,101681,2461,104142,251788,41.36,2002
sialkot,NA-112,independent,133,153701,5400,159101,324531,49.02,2002
shangla,NA-31,awami workers party,3954,92744,4093,93978,296723,31.67,2013
multan,NA-151,pakistan muslim league (q),47368,107307,1917,109224,272267,40.12,2002
kasur,NA-139,jamaat-e-islami pakistan,5399,182988,5734,188869,301506,62.0,2013
sialkot,NA-76,independent,10803,0,0,0,0,57.68,2018
khanewal,NA-152,pakistan tehreek-e-insaf,108707,231252,3983,235235,401277,58.62,2018
sialkot,NA-73,pakistan muslim league (n),116957,246537,7386,253923,488393,51.99,2018
tribal area,NA-40,independent,1,77113,857,77970,160666,48.52,2013
multan,NA-159,independent,368,0,0,0,0,56.48,2018
nowshera,NA-5,independent,930,156152,4521,159999,320675,49.89,2013
chiniot,NA-100,tehreek-e-labbaik pakistan,6593,0,0,0,0,61.68,2018
lahore,NA-122,pakistan muslim league (n),37531,92009,1248,93257,279245,33.4,2002
tribal area,NA-39,independent,14,47602,231,47833,125687,38.05,2013
rajanpur,NA-175,pakistan peoples party parlimentarian,78427,132214,5573,137472,285365,48.17,2008
lahore,NA-123,independent,2,0,0,0,288994,0.0,2008
faisalabad,NA-82,awami workers party,1619,200368,2805,203173,343634,59.12,2013
abbottabad,NA-17,independent,283,187753,3932,191061,338273,56.48,2013
rajanpur,NA-193,pakistan tehreek-e-insaf,81149,165966,6886,172852,310453,55.68,2018
mardan,NA-9,pakistan peoples party parlimentarian,5077,77668,1722,79390,221113,35.9,2002
faisalabad,NA-80,independent,5905,198111,7743,205706,343277,59.92,2013
swat,NA-4,pakistan muslim league (n),14494,0,0,0,0,39.22,2018
tribal area,NA-46,independent,5660,22248,195,22443,94208,23.8,2008
badin,NA-225,pakistan peoples party parlimentarian,71537,109457,2618,112075,297293,37.7,2002
islamabad,NA-52,tehreek-e-labbaik pakistan,11984,0,0,0,0,64.26,2018
toba tek singh,NA-94,independent,689,242627,8291,246020,385561,63.8,2013
ghotki,NA-204,pakistan rah-e-haq party,155,0,0,0,0,58.37,2018
naushero feroze,NA-212,pakistan peoples party parlimentarian,98999,158163,3930,162084,376544,43.04,2008
karak,NA-15,independent,1097,159615,4284,162657,314969,51.64,2013
lahore,NA-129,pakistan muslim league (q),39420,78639,2349,80988,211530,38.29,2002
tribal,NA-40,pakistan muslim league (n),263,0,0,0,0,40.9,2018
gujranwala,NA-96,muttahidda majlis-e-amal,39181,89548,2145,91693,248268,36.93,2002
tribal area,NA-44,independent,5203,23221,847,24062,136052,17.69,2008
khairpur,NA-216,independent,58,178296,4623,182708,378628,48.25,2008
sahiwal,NA-161,pakistan tehreek-e-insaf,43646,179683,5821,185145,304942,60.71,2013
mansehra,NA-21,muttahidda majlis-e-amal,46311,103797,1836,105633,310360,34.04,2002
rawalpindi,NA-53,pakistan muslim league (n),57110,145335,3311,148646,291549,50.98,2002
chakwal,NA-64,pakistan tehreek-e-insaf,155214,311355,9039,320394,551011,58.15,2018
karachi,NA-241,muttahida qaumi movement,93617,145735,1609,147344,268582,54.85,2008
gujrat,NA-106,independent,626,172429,6456,179026,322310,55.54,2008
loralai,NA-258,balochistan awami party,42938,158583,6773,165356,313891,52.68,2018
jhang,NA-91,pakistan muslim league,75803,150514,5189,155370,320219,48.51,2008
khairpur,NA-216,pakistan tehreek-e-insaf,904,172372,5171,177397,276049,64.26,2013
karachi,NA-244,national alliance,2057,95221,27,95248,236700,40.2,2002
jacobabad  old jacobabad,NA-208,pakistan peoples party parlimentarian,52813,74040,2752,76961,271568,28.33,2008
rawalpindi,NA-54,independent,64,165049,1801,166523,300816,55.36,2013
khushab,NA-94,pakistan muslim league (n),85109,0,0,0,0,59.49,2018
lahore,NA-121,mohajir qaumi movement pakistan,93,197906,3239,201009,388441,51.75,2013
tribal area,NA-39,independent,11186,28176,335,28511,97620,29.21,2002
jacobabad,NA-196,pakistan tehreek-e-insaf,92274,203066,13660,216726,486064,44.59,2018
toba,NA-113,pakistan peoples party parlimentarian,1655,0,0,0,0,59.9,2018
swat,NA-30,independent,143,158098,7228,165325,460748,35.88,2013
karachi,NA-254,majlis wahdat-e-muslimeen pakistan,1322,0,0,0,0,39.2,2018
lakki,NA-36,independent,1147,0,0,0,0,50.06,2018
malir,NA-236,pakistan peoples party parlimentarian,66623,115459,1978,117437,233028,50.4,2018
karachi,NA-241,independent,246,145735,1609,147344,268582,54.85,2008
sheikhupura,NA-131,independent,345,123186,1100,124286,221111,56.2,2008
faisalabad,NA-79,pakistan peoples party parlimentarian,56773,142335,2447,144782,310492,46.63,2002
hafizabad,NA-102,pakistan muslim league (q),50824,110790,3994,114784,221662,51.78,2002
tribal area,NA-36,independent,16358,24648,341,24989,108081,23.12,2002
bahawalpur,NA-172,pakistan muslim league,106383,224681,4594,229275,357821,64.08,2018
okara,NA-144,independent,1287,99887,2549,102436,231670,44.22,2002
lahore,NA-128,pakistan muslim league (n),65727,122617,2757,125374,275267,45.54,2008
muzaffargarh,NA-178,pakistan democratic party,50102,120939,1222,122161,283523,43.08,2008
lahore,NA-130,pakistan tehreek-e-insaf,22066,157391,3960,158657,290930,54.76,2013
okara,NA-144,muttahida qaumi movement,87,169090,4164,171245,293394,58.0,2013
sheikhupuraiicumnankana sahib old  sheikhupura,NA-132,all pakistan muslim league,8,160238,5378,165569,291232,56.85,2013
kamber,NA-203,independent,161,0,0,0,0,35.93,2018
rawalpindi,NA-54,independent,34,165049,1801,166523,300816,55.36,2013
rawalpindi,NA-51,independent,118,239527,5815,245342,452466,54.22,2013
muzaffargarh,NA-176,muttahida qaumi movement,1093,142246,4582,146584,275075,53.28,2008
tribal,NA-45,muttahida majlis-e-amal pakistan,16353,56357,1536,57839,165368,35.01,2018
shikarpur old shikarpur,NA-202,pakistan peoples party parlimentarian,53165,140412,5522,145934,260355,56.05,2013
faisalabad,NA-105,allah-o-akbar tehreek,7190,0,0,0,0,56.84,2018
buner,NA-9,awami national party,38015,0,0,0,0,40.62,2018
abbottabad,NA-18,muttahidda majlis-e-amal,2373,150979,3843,154603,347770,44.26,2008
gujranwala,NA-96,independent,58,154948,2997,154760,303568,52.0,2013
lower dir,NA-34,pakistan tehreek-e-insaf,45066,149331,5364,152181,504694,30.15,2013
bhakkar,NA-98,independent,579,0,0,0,0,67.98,2018
gujrat,NA-106,independent,632,213817,6893,222983,413565,53.91,2013
abbottabad,NA-16,pakistan tehreek-e-insaf,85203,175228,4376,179604,360392,49.84,2018
dadu,NA-232,pakistan peoples party parlimentarian,56814,100873,2628,103501,277302,37.3,2002
kohat,NA-14,independent,6774,98618,3029,101567,357556,28.41,2008
mbdin,NA-108,pakistan peoples party parlimentarian,73951,182659,5054,187602,338597,55.41,2008
shangla,NA-31,pakistan muslim league (n),2743,60085,1677,61762,225373,27.4,2002
gujranwala,NA-96,independent,191,100373,2178,102551,345090,29.7,2008
abbottabad,NA-18,independent,1566,150979,3843,154603,347770,44.26,2008
rawalpindi,NA-62,barabri party pakistan,86,0,0,0,0,52.01,2018
sheikhupuracumnankana sahibii old sheikhupura,NA-134,independent,1669,104982,2804,107786,208782,51.66,2008
malakand,NA-8,muttahida majlis-e-amal pakistan,31739,0,0,0,0,48.24,2018
tribal area,NA-37,independent,26287,87090,206,87296,141190,61.82,2008
rawalpindi,NA-55,independent,19,118484,1013,0,333928,0.0,2008
lodhran,NA-161,pakistan tehreek-e-insaf,121809,258848,4924,263772,456927,57.73,2018
jhelum,NA-63,pakistan muslim league (n),79662,158985,83,163005,378616,43.0,2008
mandi,NA-85,pakistan tehreek-e-insaf,99996,260566,12274,272840,510468,53.45,2018
mansehra,NA-20,pakistan tehreek-e-insaf,75197,221152,8452,226592,415191,54.6,2013
kohistan,NA-23,mutahida deeni mahaz,530,51565,1022,51121,127028,40.24,2013
gujranwala,NA-100,pakistan muslim league (j),49255,132942,5532,138474,280754,49.32,2002
karachi,NA-256,muttahida qaumi movement,123491,163868,1326,165160,371067,44.5,2008
tribal area,NA-39,independent,18,47602,231,47833,125687,38.05,2013
bhakkar,NA-74,independent,118196,246463,12216,255739,375159,68.16,2013
islamabad,NA-48,qaumi tahaffaz party,22,87601,626,88227,187426,47.07,2002
tribal,NA-51,independent,115,0,0,0,0,41.89,2018
rahimyar khan,NA-193,pakistan peoples party parlimentarian,58572,134669,4449,139069,356244,39.03,2008
gujranwala,NA-80,independent,166,0,0,0,0,53.36,2018
nankana sahibicumsheikhupura old sheikhupura,NA-135,muttahida qaumi movement,154,161938,6870,168588,285289,59.09,2013
lahore,NA-128,pakistan tehreek-e-insaf,78369,220114,3174,220976,418384,64.0,2013
quettacumchagaicumnushki old quettacumchaga,NA-260,pakistan muslim league,29443,100597,4175,103513,398782,25.95,2008
tribal area,NA-43,independent,53,14910,392,15302,119088,12.849,2008
tribal area,NA-46,independent,3566,16559,260,16819,80422,20.91,2002
rawalpindi,NA-54,awami national party,62,104501,1214,104499,271396,38.5,2008
multan,NA-150,pakistan muslim league (n),22387,77608,1585,79193,287894,27.51,2002
toba,NA-113,independent,969,0,0,0,0,59.9,2018
islamabad,NA-49,pakistan aman party,43,214364,1406,216008,334241,64.36,2013
kohistan,NA-11,qaumi watan party,183,0,0,0,0,40.89,2018
larkana old larkana,NA-204,independent,340,134908,7500,144891,299653,47.51,2013
gujranwala,NA-84,independent,3278,0,0,0,0,57.36,2018
kharancumwashukcumpanjgur,NA-271,pakistan muslim league (n),7388,30438,1383,29771,158164,19.06,2013
karachi,NA-243,mohajir qaumi movement pakistan,115,0,0,0,0,41.14,2018
karachi,NA-252,muttahida qaumi movement,87280,115287,2263,117550,277553,42.35,2008
khanewal,NA-158,independent,489,150064,3184,153248,290329,52.78,2002
dera ismail khan,NA-24,independent,99,220433,10510,219518,390996,56.14,2013
sibicumkohlucumdera bugticumhernaiold sibi,NA-265,muttahidda majlis-e-amal,7205,99592,1720,101312,281867,35.94,2008
jhang,NA-91,pakistan muslim league (q),53545,136876,3562,140438,261795,53.64,2002
tribal area,NA-39,pakistan muslim league (n),857,47602,231,47833,125687,38.05,2013
rahimyar khan,NA-197,pakistan muslim league (n),82565,140934,5108,145705,352085,41.0,2008
tribal,NA-51,muttahida majlis-e-amal pakistan,21896,68780,1023,69803,166614,41.89,2018
muzaffargarh,NA-179,pakistan tehreek-e-insaf,9476,205008,7536,211576,341765,61.91,2013
tribal area,NA-38,independent,0,0,0,0,0,0.0,2013
badincumtando muhammad khan,NA-225,pakistan peoples party parlimentarian,88983,116844,2771,119615,285471,42.0,2008
lahore,NA-131,pakistan tehreek-e-insaf,84313,188711,3835,191546,364213,52.59,2018
sargodha,NA-66,pakistan muslim league,5298,145468,3804,149249,408823,37.0,2008
chitral,NA-32,awami national party,6728,124946,6574,131520,208810,63.66,2013
gujranwala,NA-100,independent,51,142896,1320,144216,329285,43.79,2008
nowshera,NA-5,independent,642,94570,2701,97234,263153,37.0,2008
khairpur,NA-217,independent,9,162224,5927,168193,277325,61.0,2013
khanewal,NA-159,pakistan tehreek-e-insaf,68114,199187,5463,202868,320985,63.2,2013
islamabad,NA-53,independent,81,0,0,0,0,56.53,2018
islamabad,NA-53,independent,58,0,0,0,0,56.53,2018
malir,NA-238,pakistan peoples party parlimentarian,29598,100408,2816,103223,234616,44.0,2018
dera ismail khan,NA-24,independent,116,220433,10510,219518,390996,56.14,2013
pakpattan,NA-166,independent,970,189344,7151,195901,292076,67.07,2013
tribal area,NA-46,independent,6,16896,142,0,0,0.0,2013
jacobabad,NA-210,muttahidda majlis-e-amal,8087,132036,5331,137367,289394,47.5,2002
sahiwal,NA-162,pakistan muslim league (n),2858,128576,3003,131579,270096,48.72,2002
mianwal,NA-72,muttahida qaumi movement,213,230577,8483,237444,371374,63.69,2013
lakki,NA-36,pakhtoonkhwa milli awami party,1642,0,0,0,0,50.06,2018
mardan,NA-10,muttahidda majlis-e-amal,29279,93931,2928,96680,256037,37.76,2008
rawalpindi,NA-52,pakistan muslim league (n),54917,79175,0,79175,375934,21.06,2008
tribal area,NA-45,jamiat ulama-e-islam (f),1180,69541,1007,69868,175036,39.92,2013
narowal,NA-77,pakistan muslim league (n),106366,267585,11119,278704,507995,54.86,2018
jafarabad,NA-261,pakistan tehreek-e-insaf,45222,110593,10255,120848,310782,38.89,2018
lahore,NA-121,independent,153,108453,1861,109989,303962,36.18,2008
rajanpur,NA-175,independent,988,214671,14058,227313,355184,64.0,2013
kasur,NA-139,independent,548,182988,5734,188869,301506,62.0,2013
rawalpindi,NA-50,pakistan muslim league (n),99988,206356,4582,207845,403566,51.5,2008
vehari,NA-170,pakistan muslim league,56816,154733,4640,158850,328176,48.4,2008
karachi,NA-253,pakistan muslim league (f),92,79703,1101,80804,249365,32.4,2002
chagai,NA-268,balochistan national party,14435,46217,2007,48224,234291,20.58,2018
okara,NA-145,pakistan muslim league (q),39391,109285,2764,112049,241786,46.34,2002
muzaffargarh,NA-180,muttahidda majlis-e-amal,746,136270,2698,138968,257432,53.98,2002
bhakkar,NA-74,muttahida qaumi movement,228,246463,12216,255739,375159,68.16,2013
islamabad,NA-48,pakistan tehreek-e-insaf,73878,173189,1042,173968,292142,59.55,2013
tribal,NA-44,independent,48,0,0,0,0,25.32,2018
tribal,NA-47,independent,25,0,0,0,0,32.87,2018
faisalabad,NA-85,pakistan muslim league (n),41448,111265,1673,112938,288603,39.13,2002
layyah,NA-181,independent,307,163166,4241,167325,263128,63.59,2008
karachi,NA-253,independent,183,0,0,0,0,38.12,2018
lahore,NA-118,pakistan muslim league (n),55900,92862,1758,94620,250850,37.7,2008
muzaffargarh,NA-177,pakistan peoples party parlimentarian,84916,141471,5633,147102,257818,57.05,2008
lahore,NA-126,pakistan tehreek-e-insaf,97785,196155,1916,196045,359492,55.0,2013
lahore,NA-129,independent,313,147257,3392,148012,273648,54.08,2013
kamber,NA-203,pakistan peoples party parlimentarian,80026,105327,7375,112702,313641,35.93,2018
rahimyar khan,NA-193,pakistan peoples party parlimentarian,45500,113979,3605,117584,280047,41.99,2002
vehar,NA-167,pakistan muslim league (n),99907,198894,7685,206152,331598,62.169,2013
dera ismail khan cum tank,NA-25,national alliance,1415,117651,3622,121273,271364,44.69,2002
toba tek singh,NA-93,independent,99,221817,5795,227220,352845,64.4,2013
tando muhammad khancumhyderabadcumbadin old h,NA-222,independent,482,113490,2200,116451,318867,36.52,2008
sargodha,NA-88,pakistan muslim league (n),129615,275884,7739,283623,496664,57.11,2018
khushab,NA-69,pakistan tehreek-e-insaf,80331,201459,7816,207704,336551,61.72,2013
